"sha256","path","bytes"
"9aa9410b749a869354866fc67f49d3ed3ec8d72dde5089cf7f02ff854193cfba",".env.api.example","58"
"181f8fe478ef164f91ee522aba4b2acc962607cf60dc3daf772bc5f0edd213b5",".env.example","117"
"1cd632e1a55c0163021e3e962ef42fa61d1a12a21094f4e7370f448c51624405",".gitattributes","404"
"a0009a501fe19a94c2c94b9ab3e6a74ef20309862637d34cda2c1c3408be010c",".gitignore","481"
"4360a913729207bd61741f981e648d491f13790a5e810d5f7eec9a9c7446727d","ANONYMOUS_GITHUB_SETUP.md","841"
"3219c5c53dbcb31e814dd5eda79f621b99c8f9d3435e6c5827baf7ca33f5ff11","artifacts/fidelity_by_model.png","127124"
"bdc21d0459e3d0f8276d5a6b369f7d3aae58518c6af0216412dba7657d3d73c8","artifacts/fidelity_distances.csv","78945"
"1ad8b7edb1419e4a34b522f12b1d317b4829dc09c34403ac9866a714817f2291","artifacts/fidelity_summary.csv","6880"
"aef9d36f2db1082cb7611d1d91b19d3c5f1d08498ee73c3ad2b7b66fcdcd98ad","artifacts/model_ranking.csv","405"
"ffe9be6ad0226f8eb0fde9103b9e2bdbeebb1c14e6ded397096b10e1ce799cc6","artifacts/models/community_models.json","3574"
"7e3211fb3914e36cd41a35464f48e41a90f76bb4b3cc0cc82412ec1e0cc0e6ec","artifacts/volume_depth_holdout.png","316862"
"8c48461a44eec4aa2d2adbcb8295bdd73f80c046ad10c3ff3deedbd50a037115","compose.yaml","672"
"ba6ae1b32227f07a8b6128f191308ce0cc4c933f3f71b925aefa1fd60d3871d0","configs/ablation_grid.json","651"
"49fa1310397b6e5ce5c09c5335b9170c2d48b197ff8e60f106f0469bd8e69df1","configs/api_intent_generation.json","792"
"3d8e4e6e18167c0a6b7d795c046a36ae664069add5181793bcc8b77b0c8d0fb5","configs/api_robustness.json","777"
"be4f690a6167cddf4d113cf2be1e36c23230b33b72e99209c00e674aeb2860d0","configs/cross_platform_budget_audit.json","198"
"5b81304eee9165f06c249afcbff88359c6bc655405efc6ac76e5a40113a7dd9e","configs/cross_platform_content_expansion.json","1830"
"bcd75829860369f5311b731cbe482dbb9c7ba014ac2a3820995adfd488251173","configs/default_experiment.json","1934"
"05a5d66434b82d4bf825bba2abe1f0b94981c0382f7ad372f922f7cd19fecb93","configs/external_sources.json","4047"
"a112247a6323aac1653041c3a3d77d270fa459f1eec9ae3af6a33688eeb249b9","configs/external_validation.json","1351"
"087ae3116799f80487e48925b4be2eb1b89351a2e768e3807c700d1aa51c3287","configs/factorial_interaction_real_scale.json","1165"
"4d2058deae76f06ff09416d45d46caa2bddea4ad90c7961c1f5f7de4424c344a","configs/ground_truth_scm.json","643"
"3dadca739eea14c40944504978a8df4fcf6635da26bf8bbdd02759020f28b55a","configs/human_rct.json","7553"
"66e59a315ec02b06d6f96cc124225470737291e9646ec83dbd666fa15f0b3728","configs/intent_pool_convergence.json","309"
"0b03623fafb9b48e9b08dead54a8651e3b64f42d1170a5631a6160d6f0416042","configs/intent_pool_full_capacity.json","302"
"7daa1ce03b9d3d26a2b6f04210056762e9eebc21c88139a121d0a3f61ec3f896","configs/intent_pool_sensitivity.json","303"
"7df1b205924185c9cac66d9dc9fe08e939cbee3f5910bf49cb5e6b910e736d35","configs/intervention_analysis.json","666"
"3edd28a6745c1ce8a516fce03461c2a848c3f7bc6b3bbd20b7141a4ae051a70d","configs/lemmy_agent_intervention_replay.json","1886"
"60c01e40bfd375d47a7f299ebefc249bb87db28e9225be5415e9184b0edd094b","configs/lemmy_content_matched_validation_expanded.json","2131"
"64cefc2eac454689d9bb35a8b55d3f4327115e43918a865bf140415314b7eb99","configs/lemmy_content_matched_validation.json","1976"
"34e912a1b0365c4372408e7747e82daa604b744a28ca69d80cc8b4f49d31c819","configs/lemmy_intervention_fidelity.json","1559"
"c0202d2d572bbc76b5c2a9b6d0954bb3c66cd43f19cc180cd746cb3478e41d79","configs/lemmy_path_fidelity.json","915"
"1facda89b78fa875efd8fee5a98a121420bf3795742fdf11d361a1d74b7fa969","configs/live_generation_identification_tight.json","997"
"53747f6d1c5bd2a6ea032128fc28fe3446528c06718ec319f17e4e39c883ffe9","configs/live_generation_identification_wide.json","992"
"64288d81f2f6f886d8023fcf7632903ffc6ee37ec541d4a3aff0ea45fc39788e","configs/live_generation_identification.json","975"
"b3779109244daae6a3ead203554150de210eb596e8ebcda9c57d6662e03ba782","configs/mechanism_phase_map.json","1385"
"428b74d6632f095551937b7811352fdcf167a5c5d4424b495bd86180f8c8b8d2","configs/multithread_identification.json","1346"
"7fd8b5fa06139f8c6b9afc6a5fa6dba4b8a8d724e8960051485b069bc7f8bfa6","configs/paper_exact_reproduction.json","3374"
"015b6dd86c7e66ecb4bd6247d7ffeaaf5e31d10076e2526c9bc6b7afc2b9ad31","configs/paper_reproduction.json","2020"
"fc1e2aeccba1a0616aca5dbf860e8dca77495064a8515eb9eea8598c42d2e20f","configs/platform_adapter_curve.json","1623"
"98303e73234635f3dd6e1955a4e7d1b55301206c6db8ea284bb21d0b2e462b68","configs/platform_adapter_validation.json","1655"
"0c1704c274501fd9809d3e919fd812000173b2121af19fb53612402c04f69b91","configs/prospective_validation.json","240"
"15a45233c292063c0f897bf20778b1a05850ad71076b1757790948c9adab4d5d","configs/real_intervention_confirmatory_v2.json","3751"
"caa4825b8066b08a95d51fab6f9d7a656d7f07cac7856672972fd6377d5eae5b","configs/real_intervention_confirmatory.json","3622"
"76b7af4b75231273c70e08176f68b9a9e45c6f450f664f9ad90f2ff0e6c3cf62","configs/real_pattern_validation.json","874"
"2efb0383f1af9d0d8b439c46f715240ebd75b74331d4eb2c73bc1b2fd8775cfc","configs/reference_policy_strengthening.json","1046"
"87310fcf7e566c251a3d97be10df687b540bc7d836dfb7cfd0fcff10643595b0","configs/reviewer_factorial.json","4145"
"1a43b4f2834a688d3b2df557a1ededd49c8cc2f36e2b7f9437973f491bba46f5","configs/reviewer_local_sensitivity.json","2564"
"7d52fc2a7cc66c46c35ef4a8b57c0661837e852531648e1fbf748055b0a9680b","configs/reviewer_semantic_calibration.json","2214"
"29a2529308d9522ca213e40cdd4c7a763da6a466d3f3ad46c82f31d3d101067e","configs/reviewer_trait_coupling.json","1163"
"a66f741664f81f038f88b2b5ecdc87d157e637813a55083aec9739cf82bc94d2","configs/revision_experiment.json","1067"
"5ba6a2f2401049eba92e7d41a8c2a99db697e5486c68988496fc54420878401b","configs/robustness_separated.json","1643"
"a24b1fea48ce41abb9757cf29bf77831dda364f8b41186f618eee03bfd3c9f24","configs/semantic_parent_audit.json","284"
"2346ccf965eb3269830b70547469d6b10c139e82f02305bdc923af275537f389","configs/tbbt_intervention_analysis.json","352"
"8d9428296f791353d488146ab89f1c7336b5ebf2f095be8167cdb550fbe3c30c","configs/tbbt_intervention_fidelity.json","3613"
"acf9da1ef4b7d0f1b1b53d61960d411fc834c6f95b88abe3639430a96c891942","configs/tbbt_qualified_controls.json","3674"
"b119fabb40d7d32880678db1e16b5ee33ac3f4a6a169cb33e106c1e28adf83c1","configs/topology_fidelity_learned_interaction.json","1264"
"e2da11b45909650753c049cf43f47bf8d29f4a8a7fd24373b634016bcd00b879","DATA_CARD.md","1432"
"784de42f4ec8a9cb12e74faedfb311feb949fd84f2613a179dac63388363354c","data/social_paper/AskReddit_data/authors_history_AskReddit.csv","15581092"
"119fc6e4569045e206e3ace9e02bbbc8201cbbd4c739100d8abff1aabb993260","data/social_paper/AskReddit_data/calibration_summary.json","906"
"c1b98a62618ac39b215f38c7166e40390ca379573080a87bd838ed2cace21306","data/social_paper/AskReddit_data/comments_data_AskReddit.csv","106399748"
"ae0fab3635ba3a1d56088f7947ddb8c3c0abb67a7e190410b49263894576c975","data/social_paper/AskReddit_data/empirical_cascades_fixed.jsonl","2654945"
"5beecb296afa5b307b9c12f5599b38d9651c027b8c6eae769225e423e2f38cf9","data/social_paper/AskReddit_data/empirical_summary_fixed.json","191"
"f1f39cc696a37c11a3a83e3530934ac142a14270729a422e2c875552421936b4","data/social_paper/AskReddit_data/frozen_intents.jsonl","1328662"
"263b1adb2615bca94749b6685facfc8a9b8cdb7ecbebeaa7fb9e832616ff1ae7","data/social_paper/AskReddit_data/population.json","57210"
"513a870c260098b4d017a05dfb9706012cc591cd53dcc3a4e9e66a9d2b2a12cd","data/social_paper/AskReddit_data/posts_features_AskReddit.csv","35569"
"8b7862ddfb3a6ad23b98859806d36fbfcba144eb46a31f65384d7531435a831d","data/social_paper/AskReddit_data/posts_features_final_enriched_safe_AskReddit.csv","43179"
"e418a9a4c9e8fc83359bdcf617bf7408d917a0be419a413c05c74b6b8a4e2d7b","data/social_paper/aww_data/authors_history_aww.csv","6680819"
"de429311242793ff6a965edad369afa46eb5a86fb0e5c25c6409a4785dd4b68e","data/social_paper/aww_data/calibration_summary.json","889"
"75e0240e880b62029e3a7ed43ffe51f86ea63c7809108f02dfd17ddda4e5850e","data/social_paper/aww_data/comments_data_aww.csv","5253727"
"6fb0c8a98848a5fce2a203bba19fde4202680b16b02e609fd8f44d4148360d6d","data/social_paper/aww_data/empirical_cascades_fixed.jsonl","224554"
"f7a33b3707cb4d2aebe2675143818ae5694f2fce110266b303bf970496a813ca","data/social_paper/aww_data/empirical_summary_fixed.json","168"
"516405af77a5cdaa3880ed36c18ceb56e7046d6ec45eee8caa901d01a0ace322","data/social_paper/aww_data/frozen_intents.jsonl","1021035"
"7badd8213c964c922e4b103dc86631ee2d35ffd6d41b1a26ff42dd896e4d7f13","data/social_paper/aww_data/population.json","55152"
"75ffc8413155b1a74591bdf7ee12acb8607273924d0c5bd6fa06b10869c72745","data/social_paper/aww_data/posts_features_aww.csv","27213"
"f20bd562fe20e97685c4179904be7151fecaf3207f2b88dd3c72528b7783ccf9","data/social_paper/aww_data/posts_features_final_enriched_safe_aww.csv","35622"
"e4a9ad6ad28454200fd9216c8469a2d901979fa03a764a6668aeb275bdf5aa99","data/social_paper/calibration_constants.json","852"
"6e9aa9135ca972975f37df5448fef2a6a61d02266f0a29b9c528680da198aa8d","data/social_paper/funny_data/authors_history_funny.csv","14154892"
"d7c1bcb6c3a1a9663e96aadded726c6f1850ffa1d21141bc7b7314ea9d1c97cf","data/social_paper/funny_data/calibration_summary.json","895"
"e55790cb7cae72fa7cec190023e29136e35630343c89c78f260bb69b7e9528ce","data/social_paper/funny_data/comments_data_funny.csv","8741307"
"18d66e442c840fa3fbcfcf7db476e3e87e5caf4c2dd23b2911424776277920b2","data/social_paper/funny_data/empirical_cascades_fixed.jsonl","320554"
"3639f31e7660ad645c0fd677764f6611fd884e330957fb47264923ff22fa0149","data/social_paper/funny_data/empirical_summary_fixed.json","192"
"3fc917e7f75af139efa367e91591dd7708f9728f481e520db1d9d12b978d0b32","data/social_paper/funny_data/frozen_intents.jsonl","1118865"
"7291e5f9dcf980d2264762d8c5a0345bf3aef941adbec34ba9444836923b9e4f","data/social_paper/funny_data/population.json","60992"
"b6afdfd9b2398a1ed6ec765390e3f61fe6de81b299ecf11c6fda0dc79dca1431","data/social_paper/funny_data/posts_features_final_enriched_safe_funny.csv","36285"
"e48570d6638a32912eb407ee1826e1efada2472a9b492a87cbc7f66edc237bb8","data/social_paper/funny_data/posts_features_funny.csv","28303"
"b63123e8d04bbb2685baf4d79d9ac9093ef3f0742985d1bf2ffc3be43a7d01a3","data/social_paper/manifest.json","2458"
"b61e98df66ca54b70dcf4b37e71147be9015c0e32ad17674cf03483749186914","data/social_paper/science_data/authors_history_science.csv","3783082"
"5cdc6e9db5deade43e291ed3bb95116510096a2f1df99009ba8f7c689496d4d7","data/social_paper/science_data/calibration_summary.json","888"
"69233e854fc58082222fd789c2bac9a75a036a442a64707b3b88c7ad3b82cb56","data/social_paper/science_data/comments_data_science.csv","17658580"
"d8034ec3a59135167279dddef85096600e093b7b833c551d295a821311203c26","data/social_paper/science_data/empirical_cascades_fixed.jsonl","353176"
"1f3435f464c276d21daf03d56474a41e3dc895d2311ba597585605547a59d556","data/social_paper/science_data/empirical_summary_fixed.json","191"
"2e11a8d73e26a2f81df1e51b886761e34cccf6918eaf81c2be6cbf00b8cb765d","data/social_paper/science_data/frozen_intents.jsonl","1675747"
"ecf18f07062330a240860d486c4c8e8b6cc97469a9e2b6dae0eae05db6aaea9d","data/social_paper/science_data/population.json","58535"
"02e8c6a367d98de4f8c4dda8b3fc00dbc10b157a31e2683fa1c13411942a4c59","data/social_paper/science_data/posts_features_final_enriched_safe_science.csv","59841"
"ec2374614807cd594593a90accc934ebb5a53456b1ada7fdb5ae186f5216db4d","data/social_paper/science_data/posts_features_science.csv","51566"
"bd0cd144e27a6f5f51870a5afa6e868409a59879b210c9aaf686bde87212dd4a","data/social_paper/worldnews_data/authors_history_worldnews.csv","20437646"
"e9fcf5fc8b69e3a85563faf516f88fdfdaad99bcebb2f2da69fb488b5b840a18","data/social_paper/worldnews_data/calibration_summary.json","907"
"fbd038838f008efdaaf98ba00c8f72676c0c95996e53b7978120542e00f7b8d0","data/social_paper/worldnews_data/comments_data_worldnews.csv","31008403"
"9ab481b26fdeba6fface22b27e87f8d1953f3539b04f04321285da98b9545734","data/social_paper/worldnews_data/empirical_cascades_fixed.jsonl","747372"
"7d41aa0409efe22a2180511de011b022e61642479287b3e48c98c7cce104c300","data/social_paper/worldnews_data/empirical_summary_fixed.json","192"
"bec85dc4ab1a2ad7a3e6722dfbacd6435660cb9f45305bcbcc674eba6b7b2427","data/social_paper/worldnews_data/frozen_intents.jsonl","1451622"
"ab6c4e3c85047a3822a822e1d7a75be5980e39f3b5cb4c3316c0bb459504a641","data/social_paper/worldnews_data/population.json","60377"
"b931f168b2bafc6ab40a132a8ae59b440fc4e592fe328df685df16d77c1d8305","data/social_paper/worldnews_data/posts_features_final_enriched_safe_worldnews.csv","46116"
"ee2c06bdd900319ef051a9d6475f2337fad730feb6a740d312023a908666664d","data/social_paper/worldnews_data/posts_features_worldnews.csv","37385"
"98140a94b5d34d7ce1363482aca51079344838707fe8b3660d4eb01dba9866b3","data/source_archives_inventory.json","309"
"3023dea8a1ea46a2a1e909e86aee80a1ebb4773742bdac4ea9622177f6d05b5f","DEPENDENCIES.md","2312"
"7902a320a514363f22b3fc75e9734a8fc2cf107004d459228a911749a3a80b81","Dockerfile","305"
"1a528280a08e3b6cac98cadfdac251efadf273255a7fa1532feb44732d5f75cf","Dockerfile.causal","269"
"3668e96c2bb2948696d8520367daaa529e1a2b1509799a7a28fc693e67c16294","Dockerfile.paper","933"
"de38285c10e24f58e096cf9cee25b9c1598491365ee817990716c4384e3902a7","dvc.yaml","1576"
"777d80e8db602fea1d3abbd300ba72ff892d57266e84272ac7bbf63402122927","ENVIRONMENT.md","4234"
"0c208ceddd99e97dfc904ac77c1a9abb520756d030b5094608882b1fb4965912","examples/oasis_shim_post.json","111"
"9a52bb67f09d8dde1db51c539fc666830c9f3ad609e5e29cef05fa74f437eddc","experiment_app/app.js","17994"
"af530248195cc3d142d8f8ecfeea9570a8fa7c2329383358a694c98975bec1e7","experiment_app/index.html","9333"
"c836321e93031744f4ee481facd8927db1be16aec78bbd921891617f5c52baab","experiment_app/study-mark.png","761957"
"73abb62601b95454b47ca7e8229b23a45c553370b2b2a51983087d81e8dbf0b2","experiment_app/styles.css","11506"
"36ad82470de705215c071f1775e3d9a2a1fbc5e9e27dcee750795b14ac357bc1","experiment_app/thread_fixture.json","4061582"
"1079928958a5688dcae52e62c8801a8cf12340e771fc5ff23982a865d777e845","EXTERNAL_VALIDITY.md","1672"
"be94c13621e3b48c860b40fc4c60ccfa5b7a8858837b473f2bc24308e39b3515","LLM_REGENERATION.md","1774"
"0bd25ddb7d070ab8cece5f0c370fad6639aee3c6cc5c6b993c2ef79ed2d377d5","MEDIA_DATA.md","2364"
"e64afd2c251779d20d68497a91a2fdbe2e4d4555e827e512b2b89fde65bd5351","MODEL_CARD.md","611"
"bd27b596fa3f1c25ad27cff056f09a49a646a90dc10b0121f67d9299f459e254","OASIS_UPSTREAM_STATUS.md","1316"
"0697e14f2b7c0cb661c41301beaf380ebd4b1846b03084388f4f085edf38f3df","PAPER_READY_RESULT_TABLES.md","51769"
"9c57ffd1a6eef6b4c2713e3ec0e84f546e6bd62c5cfe3e793fac6914e6d5b50b","pyproject.toml","689"
"2ad801059efb4a7700f80396e0e4ac5709e0509834f441f267a35ddc9a555e4f","r/run_causal_analysis.R","3250"
"ec83ab8d8d7233e4aa4141bdac46f106663f4613e58183e9f96b47f9ffd54e66","README.md","2496"
"65e473483c642cf1ec8ba17858b11deb54212b3ae66ae41bb508141dfdbc74df","renv.lock","789"
"3a7942c276699abc4ac86ca49faeab9e38c8844a5054226e315bb073efa8c229","REPRODUCIBILITY.md","1528"
"5c32f7fe790be68b4944d76a3bc7378088e7aca95811efc1bf8a55e2c8eb8dbf","requirements-all.txt","69"
"54eaf2cf3c35145e826529046a86d4b345ffde039e3912d06d7bfde382e09411","requirements-data.txt","13"
"d1f7a9a74d4999930cf88eba1fefc834281a91cbd10efb799ba3f72767e9c5b9","requirements-dev.txt","30"
"08c8102b4b6891aa0a563e231bfeac2142bae2645ca3ee1504d3ea74ac0b4dcd","requirements-legacy.txt","72"
"0038d2f8315ca455c1b870258157ffd465f37fcd6d5053d4f15e30595526d5dc","requirements-lock.txt","499"
"52d97e02433a5057e430c54552b61bb4350842825f434933055922e54a2b3b02","requirements-oasis-lock.txt","323"
"2f5ccbd5a45c082ed234e4a850bf719585e10d43e936869eb2bd92577208dc58","requirements-oasis.txt","31"
"ec4acd814e3b5b00188cfef4452b8daf0e0108881cc59e039616365618eb0b3a","requirements.txt","112"
"0e8bc43c09161f1d95aa14c26028bc465b63cb4b418a3eb1dc986d256bcde09d","RESULTS_AUDIT.md","2608"
"18b297cd448b6683597cfdf6d4cc6f2cfae2207d1d51c9a12b7d1dc64b57fd1e","scripts/analyze_adaptive_fixed_decomposition.py","4902"
"30e7be85f85c00a25eb4aeef56008b785ec6d25ee909393b3c2d96393fc08b6c","scripts/analyze_api_robustness.py","374"
"52cb4bc48b00864b19c43c8d2b3a4118bad4afece593d0365db41740366b603d","scripts/analyze_human_semantic_acceptability.py","12297"
"bbfbe027b88a3f09cfd31ee51a7b26e00e9bd812e984ec2e06bd589c22d2f637","scripts/analyze_lemmy_path_metric.py","8451"
"09d93197456ed05082cac5ebbe96b7c97615b16b37a24fb2e899eb37bd1ea329","scripts/analyze_live_semantic_blind_review.py","9606"
"1d0c69db92c7a8eca3ae813858d58342205d1bbb9292a2cd1aab3572705c619a","scripts/analyze_local_rct.py","1137"
"90cd4a0cbc06c8b3aad0ab4cf53fbc734c125c6f31105a012396f5e87aff44e7","scripts/analyze_platform_adapter_gain.py","1170"
"223216b554075648e6d77b107a9ac379df8813285262ea7af3ab78ae04cce210","scripts/analyze_qref_effect_sensitivity.py","8250"
"8c022dc95e4e6cfbee16ce67348845db29bad25dfe55d920b28ae2a448fc1800","scripts/analyze_review_response_20260908.py","10331"
"805092447202e82af2d406c94c6b833532cf82a55ac9a4fd049112c02a8783df","scripts/analyze_reviewer_factorial.py","1440"
"5a65dfcecbdcf984d6d897f64b6655dfe47da6f0fcc5953b1495ceebf4d8a7d1","scripts/analyze_reviewer_semantics.py","4906"
"f6bf27e21ae2fc83a50eae09b51f12f7b0897e36663b2f8790fc5c1df51203f5","scripts/audit_integrated_review_20260908.py","6948"
"f4ef8e7ee4bfe06a098bfcd70ed9618f11bb54af6cee27c3af86588c514d1889","scripts/audit_reproduction_inputs.py","10856"
"68b02b735dad41e352d4bcf0936ce34ec947f4d00700878a935dd090e61934cc","scripts/bootstrap_environment.ps1","1158"
"d825a58a141e0fb25ef4fd36b00e34d2ce1641e144f2e5eab1b0144b16aaf14f","scripts/bootstrap_environment.sh","900"
"8156290698e783760e31fcdceb01cff842488e47eb8da4739f5ff1e9cc01d24e","scripts/build_agent_modeling_tables.py","7934"
"dc3b75c8ec1a000882afefbbaec5b44f293924b68587e44b2997d2f5fd7ee691","scripts/build_api_intents.py","3740"
"fa904e5cc7447f20dfc8e0269a5809474bf5bdbe53d370c4d5b3413b17a84055","scripts/build_factorial_interaction_figure.py","16107"
"0d699cbf3ec3815c4b97ab8adcfb35fea4ef74078813395c2be719c7ac68c5f8","scripts/build_human_stimulus_bank.py","16143"
"ab2e57e3278daf61ceef83f9dae73aad9aa0036d1820aaf1406013d286fc519f","scripts/build_latest_status.py","380"
"2531db22e5ab659b93293d0a0a51fed2f32d8e2866bf236120c1c78e7ddcb7ef","scripts/build_live_semantic_blind_review.py","7158"
"59c16fdf6a1ef2257fc73c54c626367d5df7dc48bf95c30b86fb6f4095f5c648","scripts/build_local_rct_package.py","6471"
"0e43a5617ecb58cf97ec18af99e2222822dda1b998ab3375cb408f88be07c119","scripts/build_mechanism_phase_map.py","1035"
"938304fc7a42be4d7776125446822b7b90dc0487a75e8f03543f06ca5c84d1eb","scripts/build_paper_ready_optimization_tables.py","41482"
"f823f9e3f8757925aa399e50e7cba30312b3fffe72e42917242856a4cc76ae7e","scripts/build_paper_topology_profiles.py","2963"
"f788ed75053640a2f6b77aa9a2b4c288d0368c643ce4b29c1d75c447f4719957","scripts/build_reference_policy_results.py","12752"
"f87ddbefb37546ccdde46015862da0e63339ddeae4227c1e3152a1c2638b42f7","scripts/build_rehydration_protocol_figure.py","3768"
"7859be804d85a63c439cbdcf1fed9083d38f26b4bca9d242008356049284bc5b","scripts/build_reviewer_revision_tables.py","7131"
"8b07b56bf0845527aecebe19a3485f794321fa49434a1c570d4c66a3391d63f3","scripts/build_semantic_parent_audit.py","784"
"941d2309e1a9c196584d58f290c52c89bae35bf6ea1b864aeeedacad97be52bc","scripts/build_separated_robustness_figures.py","13892"
"540895f3f49da88e1af1ad6b7672775dec3a3e4ee4cfe078563aa9c3afa7e6a1","scripts/check_api_environment.py","3307"
"2ce40a19b17eb8c8d29aed43bd0d2d33204c61df404aa8125723fcddbdc98dc2","scripts/check_environment.py","5751"
"fddcab1de37741eb7c1842ecdb7892b7ce9d9a6f0529901267d9c390cd6f9e31","scripts/check_oasis_integration.py","3060"
"81796341049bd8bcefbe6450afff4a98eefe6340c6b08e691b099d047848c343","scripts/check_run_outputs.py","5869"
"ca504bd361da48c94d08682cbd6053061bab87ef6dca5be3e4c5759b2731032f","scripts/install_paper_toolchain.ps1","2196"
"a169b78fe2230a0e1833b491e4baf925db1973e376ac13b47f3c8bc412ce57d8","scripts/install_paper_toolchain.sh","703"
"c8727a27307a83e045327eb71d638b28efccdaf597bc67637a9f094b77874887","scripts/install_tectonic.ps1","936"
"23e56e8366885e97c97278dc8b9074120b9a932cf18b66ceee0534c1efd8bd8f","scripts/launch_cross_platform_background.py","660"
"1bdbc47952e57179c52f694b4eb92e8e858919527d39a215d816e47c78c82e25","scripts/launch_paper_exact_background.py","2313"
"7f507bd48ae8ec4d6e2d63a75c1a390140237a857e58210e1d6f386a0e42f71a","scripts/launch_platform_adapter_background.py","2604"
"c270681e91196ee28699da0b6cc07a291281f09826944de3cd6b920194efa6d9","scripts/launch_platform_adapter_curve_background.py","2635"
"760efa644129dfb9c52e85b9087b1fdc54038c1ebc08f34d3cf84e69fa8bf6cc","scripts/launch_reviewer_factorial_background.py","2684"
"d86e18359af9e460ed5f7f452b28be7b5d898730d2e73a76aac737d5ffe359c0","scripts/launch_reviewer_sensitivity_background.py","2401"
"ce481b73004de98dca61456c9d259d4b3f694ebf6b4128af2f4c5dc3de6c7c97","scripts/launch_reviewer_trait_coupling_background.py","2401"
"285c7b3a4b30a03a52fb12db82551537ec731ce6fd9e8af79284a70bacc6709c","scripts/live_semantic_ceiling.py","10119"
"7ca6d6a0d52e7cb320c9a28935e60721d4804a56756bdf1e3d3637e3ca0981a1","scripts/local_rct_launcher.py","1860"
"d99f4d8e9cd359a094a7e9c482d232e4c54ab6eae84d064e9f176a64c271cdb4","scripts/materialize_paper_data.py","5399"
"7a94833cd9ec223bddb5735ff51d562a65682ea74d2fbd56d8b5ff47deba6be1","scripts/merge_local_rct_results.py","815"
"4a3371e2b837d194a3db1bb9ba2fe6e5da86323b8c99f11f27f9b72fee03f0bc","scripts/package_integrated_manuscript.py","8140"
"c8f8426373cf6d7ac00d9a0453d8c652308d1d64b366ecb1f38bb68af6d6a005","scripts/package_review_fixed_manuscript.py","6276"
"506556b720a6432fe13d00b9e9fb0dd53f3e99726fac4fd58c9771472021ebda","scripts/package_strengthened_manuscript.py","4856"
"3a17ab1d6b9ab7fda5f567fd92410d45a59d50dc857a29bb40e924e2d4f8ffc5","scripts/prepare_reviewer_semantics.py","1854"
"64501e51aa688954cd4f4d38e9a7a41257664278586c1423d6d1141fc2b54fd8","scripts/prepare_wheelhouse.ps1","814"
"017b7337b96c740950e9d21fe1d3e9761500d6bd6ff5f260e83c7e5fd993c814","scripts/quick_smoke.py","1392"
"0d6c89c3b5c4102dcd39bec04542e9d30a57e3e0738ec4ca3d6ce8b4bfdc2d64","scripts/regenerate_integrated_mechanism_figures.py","3279"
"e595c5f5e909448f21c0d304e6811f8582aa2e02e63e211bfef092e4563cd946","scripts/reproduce_paper_resumable.py","10332"
"26f78688037bb91e74b625381867f4d7f2db7030d3bda4427d4dcbefb846fbbb","scripts/reproduce_paper.py","1609"
"853242a6210ac37ab1d67ebbcce48a1b303ee35d564fdd2782d4ce5fc2c02cb5","scripts/reproduce_revision.ps1","1203"
"a5c476fcaab47a812cd5ff6105b5a948d596320f9e727ca1d986faf5f736330f","scripts/reproduce_revision.sh","1218"
"71c9326872f26e1bc8209b9a0932eb71be12e597d3f10c584637b22d467604da","scripts/run_ablation.py","2271"
"a3a7daee69f731f89f4ea6544f108e434c887eef07cd20bcd28243cd13ce086c","scripts/run_agent_channel_ablation.py","18490"
"abfd8b3eb737b8ace59d5ad1ecdf394989426b153146751e8d554a7181d3e586","scripts/run_cross_platform_background.cmd","185"
"0c5d0bf848591865151b915cc9465fc871fa1b348bd1d70f98b1c8275749ecc4","scripts/run_cross_platform_background.py","2631"
"a424575145d4a20222e046bbf5ae877ce4cf48d6477346fbc6711a15f1f6e38f","scripts/run_cross_platform_budget_audit.py","742"
"e4bdb838a4ddb75a7f1509d66b0a1ec2b675a31e3ff780f1312def22ac00344c","scripts/run_cross_platform_content_expansion.py","810"
"56df916d555524c9ab99feba3492e8a720cea0d866d860b740ddfc226aa5657c","scripts/run_cross_platform_worker.ps1","422"
"1a677266d2353d2235befcb5bb6d550a0a13fd54b40f6f38b417c3ec7dbae663","scripts/run_ground_truth_scm.py","1039"
"2c6853a7d72e13e39fc5b48921fa937fbe56559a3742d0eb43e855b628a8eb20","scripts/run_intent_pool_sensitivity.py","1525"
"49afe3f9e118e9747d348594ddedd8a1c31d1093010de0a1b58c36d6581e7494","scripts/run_lemmy_agent_replay.py","785"
"379b0cf3b948c38194a6d8dd610d7ed92b894ad8245de22cdf8205cb1b21fad9","scripts/run_lemmy_content_matched_validation.py","839"
"99eb66f1eb1226fb7b763072f2b1ab82e0bb57229d35fcaffd667e5e23360fd0","scripts/run_lemmy_intervention_fidelity_pipeline.py","2319"
"caa2c4bd7300a175539478cad911dd695b4787699ac306fa65bb7a64ff745ddb","scripts/run_lemmy_path_fidelity.py","773"
"ca727530cc3be9b74a8b7810b6e2b19e1d6e9b62822c1302fbead451ecac0cd0","scripts/run_live_generation_identification.py","996"
"f6d665394007cd8b854e37b8e49b3ec0962b57249465683ac3ea76288524f05c","scripts/run_multithread_identification.py","1307"
"3bffb790276bc0beb490ba91f0b96f01e5982b8049fd0c06d4a3d9360d7ea419","scripts/run_paper_experiment.py","1622"
"04448376d38a10c51f8494fcf8af08413e873bd7c5accad66d443bfbd2489839","scripts/run_parameter_sensitivity.py","2281"
"541725c900a529fdcac1d35eda620fde4f7973fbf0e0235620f04591cbfdd219","scripts/run_platform_adapter_curve.py","1003"
"bea7284b5e7716e1a07d5eb888005cf864ce7b9df68ca688012b9e6e8f30b23e","scripts/run_platform_adapter_validation.py","1589"
"87d5e3aef0ef0e0d8f8b1b01e49935df34bfd8bd40ab9518ee26d7bfcad87f88","scripts/run_qref_decomposition.py","23298"
"43c65c868663f9d8bf7914336076b68150773905346ada2a4e13ad28ddeb4d84","scripts/run_real_pattern_validation.py","939"
"fd6a89bd112b9b53979456357da7c9fb97bdbcb516012e3d1d16d7e04b2f6d6c","scripts/run_reddit_expansion_pipeline.py","2797"
"523b8ee89a9e63f7bc752f16a00ad53d3907e338f52a59d0037efb24fb09f89f","scripts/run_reference_policy_strengthening.py","1486"
"7f6b5c315a42579a690a1c85bb3987c08483f400705267e61a866dc5dc28e8a0","scripts/run_reviewer_response_benchmark.py","1424"
"6dfa24babe8a2c0a224e8024cf28a31a1cade57f29b8b612fa405df2b35047ab","scripts/run_reviewer_sensitivity.py","10020"
"c233a03eb92210fcb32d6ebb93f9e719386201bfd6fb61cda417952c4407c1b6","scripts/run_reviewer_trait_coupling.py","9217"
"d084d5240927e836aa12d86561ef7aa1b9182f85bb0f6607fdcfbf80e4138b9c","scripts/run_tbbt_intervention_fidelity.py","1208"
"2079e54d83b0fafa3cedcb2c250e3056c9b9b37d6833790ae49d968bb65e5a34","scripts/run_tbbt_qualified_controls.py","767"
"816d955b966f390bb336d9d778cf5b7a0b3c419c4cb932d7607f449fcb34b429","scripts/run_topology_fidelity.py","1052"
"27286d2282630ce4817af186aef126a8d820f1f431161ad246f8356e1b6f9d8a","scripts/smoke_test_api_robustness.py","2349"
"8b74d1a292c04ebedb9f3266df796532be340f30d39aaedb633a3ce0b1b7e000","scripts/summarize_full_pool_capacity.py","9602"
"8340596fa7876d5278685806d8da0ea24372cb0dfd1a6c9f7a7d69d97154ef6a","scripts/summarize_live_generation_identification.py","6146"
"58d2bf05fdaf1cc959fcbf2759fce89b55b212c7d1f1c24cae2b07f6daba1195","scripts/summarize_qref_decomposition.py","4627"
"6bed7352883683d20936a6c4a5b4f0ac7e52aeda13911eba6fa625d230bb14b5","scripts/translate_human_stimuli.py","14597"
"ac4f2a49ade83b24c7196d0f4cd2e7b6523d0ec9a167ad9a86ec39f69ad39354","scripts/update_lemmy_agent_content_results.py","27184"
"d2d9ac7b3d231e086fb166c6cdc379158699cf6adaff285ccb33aed2606c0ba7","scripts/update_lemmy_intervention_fidelity_table.py","5824"
"b25a56e1bddab4311d5d68b0f8359602f8eeb13ff45ac82a31f5c26d61ba0b17","scripts/update_reddit_expansion_result_table.py","5427"
"6fd3887d24097c97307b9667ba3e152de0372e5c9c0102bbc3172dff8bb4a88e","scripts/update_tbbt_cross_platform_results.py","25581"
"3bd6844791229ec8f84f00b7b60a15ac4399ea9adfd2d84751536c31f8381d18","scripts/update_tbbt_intervention_fidelity_results.py","17812"
"f908775f9d715bc0dc44c0b4562b1fb1f54a80cdf832c368c2761f5a4fc2ccb8","scripts/vendor_upstream_oasis.py","4346"
"3992426e9838d5f5659309f747ad6ece43a33d672b146f5c3e820944153966a8","src/bdmtf/__init__.py","948"
"123ab890cb9fa8ed5e3dfa2259fb7de32d5288732b450e682d1baf7fca183744","src/bdmtf/cli.py","20207"
"813718de16436ba14855def14c82115b755363c5324c15f1c357e58670d9f4ef","src/bdmtf/data/__init__.py","61"
"95b01a87a1fdc4cff498bdf1363c929240aa4889d7e1a5c8dd61a5fcb4726b10","src/bdmtf/data/social_loader.py","7917"
"697b6bf59af3e39d336d923a0d7403a8728f691a35f52782ff6f9c171c2f9ae7","src/bdmtf/experiments.py","13309"
"318dfe656508f407978a5aa717e7606f1c5db3c56d1f97ca123df6ecf4fe92a1","src/bdmtf/features.py","4387"
"a4376644f9f0855b76e5bb274203261109494441d4fd5a1ad84cff4506faa52f","src/bdmtf/intent_pool.py","9873"
"08607521fb4231568ec1cebcad635f1819f838780602635d32ef33214d890fb0","src/bdmtf/latest_status.py","23951"
"8632ed315d78c5c158f9e46b8cd187d595c2569f6c14a69a06845a4815c10177","src/bdmtf/mechanism_phase_map.py","17721"
"6cd83d5e116dc7c114d0586891a96ab5b6145238cfe3040c08964af42490b997","src/bdmtf/metrics.py","5528"
"b04df1ca03a5b59a68fb907e8bbada150946f488eee0c871c77ad947bcf365cd","src/bdmtf/oasis_bridge.py","3486"
"fe002269d3b0d9922e2ce997293728e26979e6c5ccd7d304aa60e686a5b7a876","src/bdmtf/paper_outputs.py","4671"
"414e0843ca0a365e4e2b9c5e951f0a50a683bc447cd713b94de026dd4566de3d","src/bdmtf/platform_adapter_curve.py","28916"
"4be4f0a7087f93f32a974a466e6b86fe5cc76f9ecc7b2649ded29ff6d43e79ab","src/bdmtf/platform_adapter_gain.py","5062"
"80e4be82bbcf48fa44ab1a8ff6c013767aaf000ff4aa529df8e2b7322d8e4082","src/bdmtf/platform_adapter_validation.py","15897"
"9153ba483c66c62a3c1ebfda6ce213491c0bd7e27592d35d6a441a38113fc50d","src/bdmtf/real_pattern_validation.py","17047"
"29b941c4fccfb9450583d3dc44129d62111e3eee4d47c70b3789682e9f0fb249","src/bdmtf/reviewer_response_benchmark.py","14468"
"dabe632d6507eec7adc0e55cffd22de9e3134bb1f0b9e5f610e975155f019476","src/bdmtf/reviewer_semantics.py","33243"
"0b91c566788634723c3678365e675d4157c573db33ce966e3edffe0b9aed8647","src/bdmtf/reviewer_sensitivity.py","8622"
"5fc4a5ec17130cdc2453958010246eff5a583e1ba6cafa6c8df7d14aafac0abf","src/bdmtf/reviewer_trait_coupling.py","8194"
"f25dfeb05e2add8c00a6a37f51131832d68d4b7c9d372b39706f410001db74b0","src/bdmtf/reviewer_validation.py","9099"
"702fabc63340321f7f4159604b49125df585223b0cb0b8879b999ea88a90613d","src/bdmtf/revision/__init__.py","88"
"029b68325c047aa91bbe084ad656d086f55353d6b9f0d18abed3f0a7f0af1b2c","src/bdmtf/revision/api_intents.py","22889"
"3e3c1b69364838adcf59e423752dcfffd80289c387b3f42d6b72b6d3f3211ad0","src/bdmtf/revision/api_robustness_analysis.py","23840"
"6cf3c07f445f8602039d97c729e545ff3be186b3a830feaa687a25a9de5ed802","src/bdmtf/revision/causal_validation.py","39165"
"e09e7d4957b739222d66fc745537f554522dbc24763385bfe8bbb6f1caa31986","src/bdmtf/revision/contracts.py","6995"
"39b2657106a17c553be238f9a66b4a39870e506c87dfdc8ae9ee636205c12f81","src/bdmtf/revision/cross_platform_budget_audit.py","6951"
"199dbb66eb5197b417f542a72568dcc112f2659edf7ebdfdbc4f207be97aaca2","src/bdmtf/revision/cross_platform_content_expansion.py","28036"
"10a8257e30045c369c80e39f8fa1308efa168e86a222f9eaea3dd2d7fc8d4a1a","src/bdmtf/revision/data_pipeline.py","11338"
"95830a5a2ac4e24bd84cfe76d95370cd153b2a4b6f34764586f40b48a16393de","src/bdmtf/revision/evaluation.py","6982"
"0e17834118d7e030970de678a7d8f6b761ce8013c6fabfb76f1a38711c8a0324","src/bdmtf/revision/external_data.py","9545"
"8a3c241fb0b90c7f71947c1d43df320b0aad6669d08075a2f358fe0b63a4055e","src/bdmtf/revision/external_sources.py","46397"
"58f460f52e5913a41c357444cb4fdc35f46ca9f906b5509a6b1e3801c5d530e3","src/bdmtf/revision/external_validation.py","12583"
"d1e4c37a34c6a4bdf64fae324852258bf1ac6d0d719f20fc3901dbb7591790c0","src/bdmtf/revision/fitted_models.py","4284"
"b0fb00b5ba44d5e1edf9c7a6c7160df8857650c3c61adce00a0e2ea5a676eba5","src/bdmtf/revision/ground_truth_scm.py","9228"
"408063d0d7edd9b610e4af4c3967200cec198c1215753a9613a984a80df2679a","src/bdmtf/revision/hackernews.py","15848"
"0b5e5384209abbebc07b914f506e522d7227acb1eff116d93a18bcf3578ce850","src/bdmtf/revision/human_experiment.py","1071"
"8dee842f6475ab75df0435d87001d5c0052583be2167dff4c07f48f6d7385557","src/bdmtf/revision/intent_pool_sensitivity.py","11806"
"fede7cd951fe2c1a79a85df8a88faaa88118b7e56f4d5f901d5c6d9c471f2c38","src/bdmtf/revision/interventions.py","7323"
"fc29373bbe73e7c5ecc2adad17b97f46412e890a3eb2717817fd0083bfc48781","src/bdmtf/revision/lemmy_agent_replay.py","55279"
"0f86fe1c49bf334db88779d699fd95fb649079011526adf87bac83e7a25a291a","src/bdmtf/revision/lemmy_content_matched_validation.py","38721"
"d44ce636bf45e5f652d6beb7218c71a80fa08f5f4d3a1ee5c310ee155349c4e4","src/bdmtf/revision/lemmy_intervention_fidelity.py","33790"
"53adf87c0e394303b96b1a962a75803be269ee27d9dad0b0d2e3aa3ef65bfa14","src/bdmtf/revision/lemmy_outcomes.py","33091"
"964eafecdd112dd684ff79ba02f9940013866fff0154c4eee9e5c708102a81ff","src/bdmtf/revision/lemmy_path_fidelity.py","23527"
"943b634944c0277dabd613c94f0d0998b4b3418055526a360a333ec1a9585a05","src/bdmtf/revision/live_generation_identification.py","39769"
"6fa77a2cbe674883d3cdb7532d7e05ab89da4a2bb6d716b25c9097ee8226c542","src/bdmtf/revision/local_rct_analysis.py","20688"
"c96bc84892657ef01d01ccfed8d01f29febd672575df0b4c5ae722c5a228d739","src/bdmtf/revision/local_rct.py","61171"
"08c7a49208873d8f80c7dc152d03561023735bc93abaefbdd7188f7180e0485f","src/bdmtf/revision/manuscript.py","66331"
"f6e5a407e023510f39c82a1cdb0b635f6fa9b43cf0280dc5750621eaadbbdd2e","src/bdmtf/revision/multithread_identification.py","28135"
"f1d932b8b891ff14ab82b6c6aa805b51c82f88decde686e346d22eabe5b56dfc","src/bdmtf/revision/oasis_adapter.py","2059"
"3825e9026da4db52c470a4a59da864858b748209cdb5a9c6c996244ab680c373","src/bdmtf/revision/policies.py","5837"
"8581c517e22d1242398cb8d073959ad2ac1e6923d3b474eeaab5cde380e54614","src/bdmtf/revision/provenance.py","2196"
"6e04629a017c3a211d19cbf6dbb733b5657122fb5aded3fdd0a36e5ea216a276","src/bdmtf/revision/reddit_archives.py","23789"
"e81d27710d0497865f8d3631ba6fe7f05c01ef7fdeccef3e88fee9e8c05c2dd6","src/bdmtf/revision/reddit_expansion_validation.py","20238"
"ef6027179cd63b6ce816d62a9a31a0c910daef8a5b554ec2c608f3d08d3bebea","src/bdmtf/revision/reference_policy_strengthening.py","22012"
"16038ac55249af2ce9c2a5fa4dc081a5c9cf887ed68c0e3aac4b24be184b8f15","src/bdmtf/revision/reporting.py","22500"
"b5e34f0e1c9538d7852824bad857b38b4f92bed4f837f86e66763c117a59b320","src/bdmtf/revision/semantic_parent_audit.py","11407"
"9a1914e459e5cdf16ba6869f1170bc73edf18e5ad9ffd48a12b5df71d4e09100","src/bdmtf/revision/simulation.py","13905"
"2e25dab242919ba127780a712ff96663ae482ce228957ecd3e420480f3593b74","src/bdmtf/revision/tbbt_intervention_fidelity.py","29781"
"8752ad0f4709acc07708c50e5b295e5ff7548ca392c594cadd1b42bd4f4dbb54","src/bdmtf/revision/tbbt_qualified_controls.py","27900"
"91741e689d227a530cfa9e7a53e66360bf7bb83c3d4e39ceb277eaffd162b658","src/bdmtf/revision/topology_fidelity.py","45339"
"f67109503a8d5823fc9fc899ada389426f0b1aee9dc42da9ae917686257f20ec","src/bdmtf/revision/workflows.py","36695"
"ab664e9e2a5e9c485640f403246faeb9fe9226b2950d7f8234dee2e5a4d73949","src/bdmtf/schema.py","7839"
"2e4b4d5eccc36d3636bee8b9feb8c6f53e3f2a312c3b79939079beff44ef7fbc","src/bdmtf/semantic_intent.py","7787"
"5c97c64dd6099246603ff73940cb16b34b3904c4780f9290cf08916129e9eddf","src/bdmtf/simulator.py","22229"
"fbee0024d4b9d440b6e1f4770163ea5e760c11cc1f6af6278aebefdbb883a5d9","tests/test_api_robustness_analysis.py","737"
"eaf275b2f417aaddade50e931d69230f68a0a52cf44e21c1d199d485aad25658","tests/test_cascade_loader.py","1003"
"7e21edc5828ecc719d6212caaa6684aad835a2c479c2969e95a9d4883b06380e","tests/test_causal_validation.py","6969"
"e9184d8410cc098c2bacc59972e084b259d210d5cbcc7b663ca57e677e6d09c8","tests/test_cross_platform_content_expansion.py","2627"
"74f822472671e20cb38799be6064a69e14b0bc49a1771aa936ca163dec29d6ac","tests/test_external_sources_revision.py","24652"
"2b639940ecca2ebb9614c12fac275011a2955c3005c8702c13e51bd80c23b9c4","tests/test_external_validity.py","5135"
"6db1f97952516904dfb8abf01b60a91b4ffc12c40cafab6b166fbd3582a8b250","tests/test_ground_truth_scm.py","1563"
"e9f078ea64ca758f63597b49c0083f4714922002936f851ffb04409a52328b8a","tests/test_human_semantic_acceptability.py","1438"
"31a24b87d5c8a9383828118ddcf813d0bcf4b0eb4ee5a280c3bcab005d5f3c3f","tests/test_latest_status.py","1044"
"dc9ad3f40449a293cd3ff91538b711c65a720aa67ac94fcc3d6652917dd6e8c9","tests/test_lemmy_agent_replay.py","3625"
"ef0071712b3061df46878dbe3f8a0370477bf405b72aaef0fa5ec751c2f07896","tests/test_lemmy_content_matched_validation.py","2229"
"3f1fb842b0a79688b2b1bca1f0a0a0d893287c3dbd9d212775cec4d66183ecd9","tests/test_lemmy_intervention_fidelity.py","5432"
"4f0ff980ca5748baa10b6b9f9e818d0d032f430eac3fc74a8daa5e2acf36c183","tests/test_lemmy_path_fidelity.py","1826"
"20d776a8f7dc029d805471d3ece06d47549f0dc8d78cd5ac71607722e94ca9aa","tests/test_live_generation_identification.py","3536"
"d90ce677a538fed588290c7aa0d651ea5517dbe093f15dc7b3ab74c6d48142bc","tests/test_live_semantic_blind_analysis.py","1721"
"51a8ee88dd51280aba0951333b8fb59c4b74684fcd87d5b4df77ee0a810ec3eb","tests/test_local_rct.py","12739"
"852c4a82e90d332f89bdf3e9f050664f229f0183b8b976463eb6819a4e8b990a","tests/test_manuscript_revision.py","6119"
"1040cf9e786f9da74b66fbeca53a2df7bdde21a074594352531f9bd2c23378b4","tests/test_mechanism_phase_map.py","1855"
"1d317efa24ba3918edf1d4d71856166dad4b148d04fcc2046daf0aa8348e1916","tests/test_multithread_identification.py","3444"
"3b32327bc00869fb06e07174767c34c5e81acf3dd94b583942b5b15f80dad59c","tests/test_oasis_shim.py","1734"
"2ad05be33076aaf56ea6cfb2f2f7b8015be12321f2791e339a4ffda5a5563cab","tests/test_platform_adapter_curve.py","2337"
"6619d1daef6a7015a1d479b0811bb52da574c3aed75f85baf2e00168c542b296","tests/test_platform_adapter_gain.py","1529"
"0004f7b6dded9220e47188f68182c3c53933381f1c6c8e4799039bee9fb078db","tests/test_platform_adapter_validation.py","1425"
"b08538d0bb9e8a40e2b3491bc6ccc1d8cabc6c35bec988de561cb305a4013634","tests/test_qref_decomposition.py","1381"
"fb2482b3e1fdad24b6b0885434f197ebbcc725e7576acc885c99c62b36fee63b","tests/test_real_pattern_validation.py","3965"
"2629e1e4517c4566438f1039b2d64268caa925dc47ec48188bb375cf07a014d4","tests/test_reference_policy_strengthening.py","4461"
"6dd9f7409c3cd0492bf7e8290e6a7eedb9f8d9bed5c8962ccf41a0e7667026ff","tests/test_reviewer_hardening.py","5617"
"d0f146769aff281cb234b6b16c446d0f2d54931d74c031f3bebfa548de043947","tests/test_reviewer_response_benchmark.py","2232"
"bc42e64b1420493985287f0b10ab38b9801c6230a3ddea4d77b0d9b8e84b16b4","tests/test_reviewer_semantics.py","6995"
"4f72b45b4ad4f0a41609ac17512be13921fc0b1f7f28658b6c7feb9c75f1268f","tests/test_reviewer_sensitivity.py","3269"
"fdab64b527ec78217def794a2d323eb5c26fa63e877f92b1667f0d6484b60448","tests/test_reviewer_trait_coupling.py","3292"
"2c9cbdb8d2c4dd184a59dd5e405128a567a774e431809364867fa3b7753ab814","tests/test_reviewer_validation.py","2840"
"1f8dc44eb6b868b11e3f882b1f2779073442185f9167544b2824066bcd641180","tests/test_revision_api.py","3018"
"3f5d812649e67734d1c030da02d1a5d0f5ec768c37595438da076a8deffd5ba8","tests/test_revision_data.py","1461"
"f0c1d44fb78129fda9a6e921749d9e70b4662c96f2d8daef9a10a8dfbcee1865","tests/test_revision_oasis_adapter.py","690"
"0dc424366f3c69fe51799db4e835c532ad355fdf30e28cd10a99b6306aed164d","tests/test_revision_policies.py","1575"
"b4cbae32584984abaa8d657749075b76f022b8439b033fe47f3c74b1413ebaf8","tests/test_revision_simulation.py","2325"
"71f8348d4edfe4a2946b038c359b2a24fcb8f82e7540799ba0859f2ba6a7c768","tests/test_semantic_intent.py","1163"
"d9b59ff74b411246f63eca896449503822d9ad600cee42bbd568fb364bec723e","tests/test_simulator.py","10708"
"be787d01c456f4cfebcd9d012d4801fc1f21f694e570bab6699b03d9de406d13","tests/test_tbbt_intervention_fidelity.py","2132"
"58c55bb6e86093d7a5f2a31afd28b6c806a772053491e41c967a2346c5ed3970","tests/test_tbbt_qualified_controls.py","1553"
"4a686b3c5a2ebe6a659f8ec8c1dcc5fee8c7ba43a1762502b71c1e8bfdf5cef5","tests/test_topology_fidelity.py","5887"
"36e6946c6995ead60f7d461a8ccdf738eb18c113cb29031054a07ea9b957321a","vendor/oasis/README.md","2184"
"9694ff40cb10ecb2e588e6f2bf2049ca922af2dd13f289b3235c35182711775c","vendor/oasis/shim/camel/__init__.py","189"
"4313b57287e51f492c6e866aab96591474abce600e87171d165ed6b907a744ec","vendor/oasis/shim/camel/models.py","387"
"a2fbcd7f5f9b2941485249812e6829dbcf077bf8bbaec356247df14e5b1de21f","vendor/oasis/shim/camel/prompts.py","32"
"3b457c1959f23dff9e68168c440bfd781ff904d13ce0f9f3523353b441d1b01e","vendor/oasis/shim/camel/types.py","202"
"1bf6322599072830b8fcdfc704c84635ad9940e7daec1da5cef870b900087bd0","vendor/oasis/shim/oasis/__init__.py","9027"
"7ebe1dfffe3909593311f4310a608dd8ba99efe822218d6733c1c6ece462e86b","vendor/oasis/shim/README.md","948"
"6ae9015adbe774acfecbc3de802f1eaaa45dd5211e56b519305d24e1a6788df9","vendor/oasis/upstream/LICENSE","11375"
"53862a0dee8ccfcdf0fd6e1f89a18b72f5b09a6daec675349767717ef1089302","vendor/oasis/upstream/oasis/__init__.py","730"
"d2882ed3c5820f752f1c6090b3dd72ae7a97a253c4deffa905b23436582c6aff","vendor/oasis/upstream/oasis/clock/__init__.py","754"
"6640eb0604323990e97e98a384cff5fe2b9afc903346bdf75c28c40c358d29e4","vendor/oasis/upstream/oasis/clock/clock.py","1231"
"511a864b8faccd42cb91d75e6fa910c3ea891f0d536b7287710800ed5a1e33d0","vendor/oasis/upstream/oasis/inference/__init__.py","866"
"98e150360cbfe579985a6bc9137ca30c02955dd4e4a6e6796ac9f055758c7016","vendor/oasis/upstream/oasis/inference/inference_manager.py","12109"
"a48397591458c3127823ec50b46c0e94c169d7a1077e1c301d34c219fb5436cb","vendor/oasis/upstream/oasis/inference/inference_thread.py","6300"
"c9b1f936ff356e885233031565830cc96567a7af6eb3e7d8acf7eca4b794422f","vendor/oasis/upstream/oasis/social_agent/__init__.py","906"
"fadf321dab79dac923c84ead883e39500128a024aada3210ba41fdbb1b1cac75","vendor/oasis/upstream/oasis/social_agent/agent_action.py","29017"
"801139859ecf031815f7cb3e09e16ed460ac08ba3a44d6719680d20b6bd57e0f","vendor/oasis/upstream/oasis/social_agent/agent_environment.py","3536"
"f1ba4e40a9eeca102524b509ed772969abf6622165ec27512340a6e51efc3225","vendor/oasis/upstream/oasis/social_agent/agent_graph.py","9390"
"e7524bae66e9ae5d8e3340e659f0920713e04084d3b51e7009279baad6f025ed","vendor/oasis/upstream/oasis/social_agent/agent.py","52543"
"d5877052e24f2a12d443cacf69e07d130baeafd0a3ba2cfefc282dbbe4a04f28","vendor/oasis/upstream/oasis/social_agent/agents_generator.py","24217"
"efc8a9b16ae72e7704ef84de918d855726317a0deff5d4c5cd2fffa52f337ed2","vendor/oasis/upstream/oasis/social_agent/bad_agents_generator.py","8077"
"f1ffc78dc1a84584a752fab8e4590c5b52ae91687544268a80ec4edb0db9cf51","vendor/oasis/upstream/oasis/social_platform/__init__.py","814"
"f479b2ab51e97e444ac2a8c26ee96f14448018a3103990586ae3d75a0c68c368","vendor/oasis/upstream/oasis/social_platform/channel.py","2529"
"a8bc3a7f14958029cb03603ef9e07c41a468559abd9c1671b29a82112ad930c2","vendor/oasis/upstream/oasis/social_platform/config/__init__.py","816"
"37a84adaf8f45005dee76dbc5159b92e7e3013bbc766a45a3e2fcd6e783d5260","vendor/oasis/upstream/oasis/social_platform/config/neo4j.py","959"
"61b7df905a6c85da388eb610e2a02aa0be542e7c8a7211668880e19bed33819d","vendor/oasis/upstream/oasis/social_platform/config/user.py","13899"
"db66a7513f93b0bbf8d822248b76822bb45fe6512fb5d11334b2616ede9b6719","vendor/oasis/upstream/oasis/social_platform/database.py","9511"
"c6b17e73d9daa3ef3cb9c53978231973082a8bc1cd6571233acd0ab4a0cc423d","vendor/oasis/upstream/oasis/social_platform/platform_utils.py","10413"
"067671f4dbce7734bb70ce9402178a06c057bddf7d4b13d3b8a4601e8bd9ebd3","vendor/oasis/upstream/oasis/social_platform/platform.py","61576"
"64e000888467663687e87283644ac475b00b9c9de6ba3928424e8880eaa5156a","vendor/oasis/upstream/oasis/social_platform/post_stats.py","33401"
"8c14002a8e66295340b9951a867a3fb2d96ae4d06d5c987bb4135c42c8d0f5da","vendor/oasis/upstream/oasis/social_platform/process_recsys_posts.py","3150"
"b6840c530d8194c728faacfefb7403d63441fd13f4e24c2179777bd8a325fec1","vendor/oasis/upstream/oasis/social_platform/recsys.py","33182"
"845089fc87443d3fd8b31646480ded0ead63b4db8d18da0ce65b9922e4259243","vendor/oasis/upstream/oasis/social_platform/schema/comment_dislike.sql","335"
"82d0f91cab2f8d7f346436f54e73fd0538be90da62e2e4c8d1829bb48a6230b4","vendor/oasis/upstream/oasis/social_platform/schema/comment_like.sql","326"
"6fd63ebf99c1d6299232cd41d3b66caf73622bc9234878743937169aed2bc918","vendor/oasis/upstream/oasis/social_platform/schema/comment.sql","489"
"aead629f3e99c244ad88a6d4178831da352a2eaf35fda61452add94fa2fae2bf","vendor/oasis/upstream/oasis/social_platform/schema/dislike.sql","300"
"5e9597cd7a82affa63eb24ba11d515f355e24508dd7e8fcae7afbc1b5f3954dc","vendor/oasis/upstream/oasis/social_platform/schema/follow.sql","312"
"53b5a5a9f3fa6a35fda4afa8e1e920e728abd8183dc1cdb3ec7f944d34b83e19","vendor/oasis/upstream/oasis/social_platform/schema/like.sql","291"
"77981d3c1412da293dda4590d1945deba62966f0282fce900e08cff3499e5ff9","vendor/oasis/upstream/oasis/social_platform/schema/mute.sql","294"
"b74faf1440765d95ed681ba3534ef5e3a25b9fc95832db6024dba2e67e2b77b0","vendor/oasis/upstream/oasis/social_platform/schema/post.sql","655"
"6f4898becaa26a171d911dba88d1638c4a88f7ccebbc1789b58daacba4c0544d","vendor/oasis/upstream/oasis/social_platform/schema/product.sql","168"
"588db372d47d3046c04af97692decb785dda472edb5216fe78e6b74c3918e9fc","vendor/oasis/upstream/oasis/social_platform/schema/rec.sql","251"
"8289e97ce9130818a09534f648095fb63e741d36d8aaa45c46baa3f4b9bfa965","vendor/oasis/upstream/oasis/social_platform/schema/trace.sql","257"
"ab3af3881e5954aea0815e0c0319b96351139600419b34d6fc12652f2b87a023","vendor/oasis/upstream/oasis/social_platform/schema/user.sql","292"
"defabae5eb3916f7abc4c576c341b0f223abcf46ff3833328ce94cf07f76f9e8","vendor/oasis/upstream/oasis/social_platform/task_blackboard.py","1300"
"8047ce64f039051554c8056b9402244a89e7416693ade5c7b61325e50d07b688","vendor/oasis/upstream/oasis/social_platform/typing.py","1650"
"7f72d7343ccdd97596a05d83d277ac1bc56e100e99775e22d9a8930db0a6e5b0","vendor/oasis/upstream/oasis/testing/__init__.py","708"
"8c624a77c5e15b690228cd00824ede6a546a5b376e38ef163266264158298485","vendor/oasis/upstream/oasis/testing/show_db.py","2543"
"f8cadc92d02a34c8e16e59a166e309baae316ffaa6d0ee2a952c10a6374be74c","vendor/oasis/upstream/oasis/testing/utils.py","5205"
"06ec99e52104831cc781d42bc207f7bacb4d3ab88dd724613e10931b6b2f8b36","vendor/oasis/upstream/pyproject.oasis.toml","1007"
"55adf4ac356e6fcb4b03458977f04b145aa584ea4ec7f723cdc19e49925e1802","vendor/oasis/upstream/README.md","321"
