model,metric,mean,median,std,count
branching_process,counterspeech_rate,1.5837963183174637,1.36551632312471,0.6747608243776084,5
branching_process,duration_minutes,1.0146752167214403,0.9296215562907577,0.2073972293585709,5
branching_process,max_depth,2.0738683515587693,1.5664168687175781,1.2515374599791094,5
branching_process,mean_branching_factor,2.1664639583948757,1.7974334221304238,1.3103687084005164,5
branching_process,mean_depth,1.3736190659213583,1.1946576361293573,0.5197909794345439,5
branching_process,mean_interarrival_minutes,2.51860786313192,2.6930980437355334,2.303201572262096,5
branching_process,mean_leaf_depth,1.1669064199250336,1.021096145982451,0.4424540465314044,5
branching_process,removed_rate,0.6321055269092355,0.5979292907723913,0.25008278847015536,5
branching_process,repeat_author_share,1.6412269822132501,1.3125303393621301,0.6694047659542356,5
branching_process,root_reply_share,1.52925823007608,1.3130519716798956,0.8446921182362539,5
branching_process,size,0.8196235758160265,0.7862104557525398,0.08341972871410515,5
branching_process,time_to_50_minutes,1.0658275263327524,0.7251304614030805,0.8196988886198933,5
branching_process,time_to_90_minutes,1.0540894510803984,0.6637740109059143,0.6809872929122652,5
branching_process,toxicity_density,2.2520374790609163,0.785911438234896,2.607396200822841,5
branching_process,width_gini,2.8375299932275793,1.953379162908009,2.0404709203928975,5
empirical_bootstrap,counterspeech_rate,1.5837963183174637,1.36551632312471,0.6747608243776084,5
empirical_bootstrap,duration_minutes,0.9318446044716928,0.8715502662714167,0.16807572576292107,5
empirical_bootstrap,max_depth,0.7899385554608168,0.6555517674844417,0.3799946132152456,5
empirical_bootstrap,mean_branching_factor,36.087526869267954,13.262438442300644,36.34691315126995,5
empirical_bootstrap,mean_depth,0.5372606034581049,0.5263585227274451,0.047674459899481984,5
empirical_bootstrap,mean_interarrival_minutes,0.5483776125618465,0.48714682657525354,0.20290531524298047,5
empirical_bootstrap,mean_leaf_depth,0.629171087166875,0.5727940118329383,0.12934147869395118,5
empirical_bootstrap,removed_rate,0.6321055269092355,0.5979292907723913,0.25008278847015536,5
empirical_bootstrap,repeat_author_share,4.678956232839878,5.17518934925858,0.9393692473981549,5
empirical_bootstrap,root_reply_share,0.7546535456762254,0.740202329153688,0.08712724309486503,5
empirical_bootstrap,size,1.1375905865845701,1.1308637041401046,0.35969867346856266,5
empirical_bootstrap,time_to_50_minutes,1.4353725961278454,0.8906480185931277,0.9442775190826783,5
empirical_bootstrap,time_to_90_minutes,1.0048103791932337,0.8937200452025366,0.21297598992738961,5
empirical_bootstrap,toxicity_density,0.6612584979113549,0.7407668015824216,0.23340983992532802,5
empirical_bootstrap,width_gini,0.6576762208038458,0.5535312458091375,0.36760189371508845,5
hawkes,counterspeech_rate,1.5837963183174637,1.36551632312471,0.6747608243776084,5
hawkes,duration_minutes,1.011355205512987,0.9385901426536643,0.18184945786124887,5
hawkes,max_depth,0.8095817954829505,0.6537524947953529,0.3708535590742943,5
hawkes,mean_branching_factor,28.303025319466805,12.656798270226217,24.411043675412294,5
hawkes,mean_depth,0.5159516434354561,0.5537048703302009,0.06977432274810265,5
hawkes,mean_interarrival_minutes,0.6830307783564467,0.6074212443138941,0.23820943096216668,5
hawkes,mean_leaf_depth,0.6188971051754117,0.608080012192025,0.10155625416144645,5
hawkes,removed_rate,0.6321055269092355,0.5979292907723913,0.25008278847015536,5
hawkes,repeat_author_share,4.750274825487821,5.209714777390579,0.9778408872264109,5
hawkes,root_reply_share,0.7340754613209253,0.7249482784828049,0.08697953826277373,5
hawkes,size,1.5067320210730906,1.6882311360255444,1.0230645826834293,5
hawkes,time_to_50_minutes,0.8880356250991646,0.8821367100033245,0.06764924305015688,5
hawkes,time_to_90_minutes,1.4967692485855306,1.3615983870499906,0.6393615137141019,5
hawkes,toxicity_density,0.5969375945754049,0.6424692009780189,0.18668855071599433,5
hawkes,width_gini,0.7037319865210914,0.6142797030719834,0.3613645811154816,5
learned_bdmtf,counterspeech_rate,1.5837963183174637,1.36551632312471,0.6747608243776084,5
learned_bdmtf,duration_minutes,0.9313965728800528,0.8727297006396186,0.16797557733217852,5
learned_bdmtf,max_depth,0.8358961762604207,0.6482678589568368,0.37838771639174673,5
learned_bdmtf,mean_branching_factor,30.664916060640756,12.830639613862258,27.988458143833892,5
learned_bdmtf,mean_depth,0.531948724939492,0.5868974206230549,0.10281618361685883,5
learned_bdmtf,mean_interarrival_minutes,0.5907487205496311,0.5631561348182809,0.19699813438076166,5
learned_bdmtf,mean_leaf_depth,0.6377306064838975,0.5807114333388875,0.13040320605135722,5
learned_bdmtf,removed_rate,0.6321055269092355,0.5979292907723913,0.25008278847015536,5
learned_bdmtf,repeat_author_share,4.767738900932143,5.395234791889635,1.009772187824496,5
learned_bdmtf,root_reply_share,0.7457863226580279,0.7971255453341033,0.1062600878328266,5
learned_bdmtf,size,1.307462679552581,1.3441584459388212,0.7265566941826462,5
learned_bdmtf,time_to_50_minutes,1.3760619591269339,0.908943468577126,0.8735011735181588,5
learned_bdmtf,time_to_90_minutes,1.005261145301637,0.8855014198791904,0.21542503332193694,5
learned_bdmtf,toxicity_density,0.605088632481148,0.6510657265776598,0.17894978556283875,5
learned_bdmtf,width_gini,0.7359484310990884,0.5917666467994668,0.3843075147191118,5
legacy_heuristic,counterspeech_rate,1.5837963183174637,1.36551632312471,0.6747608243776084,5
legacy_heuristic,duration_minutes,0.9308796286918103,0.8731004002483665,0.16806615030798708,5
legacy_heuristic,max_depth,0.7385374392650756,0.6213885099044939,0.36716846260915503,5
legacy_heuristic,mean_branching_factor,40.385709542113595,20.65278127885051,37.943933078872554,5
legacy_heuristic,mean_depth,0.5803569929137605,0.6089694153200919,0.118943672115815,5
legacy_heuristic,mean_interarrival_minutes,0.5980338722534193,0.5824535457667547,0.21487914072485936,5
legacy_heuristic,mean_leaf_depth,0.7471601199068642,0.7140458578871952,0.18430536542710038,5
legacy_heuristic,removed_rate,0.6321055269092355,0.5979292907723913,0.25008278847015536,5
legacy_heuristic,repeat_author_share,4.737538884791806,5.147640339136522,0.9172054393781875,5
legacy_heuristic,root_reply_share,0.8349506704156427,0.9078254781296926,0.13641088914787247,5
legacy_heuristic,size,1.699470199252626,1.581875526140241,0.9382740589421452,5
legacy_heuristic,time_to_50_minutes,1.4492506167862107,0.9488922446380642,0.9239654978842724,5
legacy_heuristic,time_to_90_minutes,1.0058963295296743,0.8897974915252763,0.21502216685456257,5
legacy_heuristic,toxicity_density,0.6915043532558454,0.6664575679311875,0.262620490088208,5
legacy_heuristic,width_gini,0.7035203510461014,0.5638932314024111,0.39786554234953925,5
