model,community,metric,n_empirical,n_simulated,empirical_mean,simulated_mean,wasserstein,normalized_wasserstein,normalized_wasserstein_ci_low,normalized_wasserstein_ci_high,ks_statistic,ks_pvalue,energy_distance
branching_process,AskReddit,size,20,60,3376.3,1.9,3374.4000000000005,0.753772569554339,0.36495352561353017,1.2364837926588008,1.0,5.657202692906917e-19,51.5187668071872
branching_process,AskReddit,max_depth,20,60,9.0,1.3333333333333333,7.666666666666666,3.6971949699731597,3.246900734771537,4.115339683696755,0.95,1.034136652263384e-15,3.630579996517239
branching_process,AskReddit,mean_leaf_depth,20,60,1.8958850488476031,1.1972222222222222,0.6986628266253808,1.335514734187841,0.8752335152035685,1.8001096084167942,0.7333333333333333,2.640274304169939e-08,0.8315133399265949
branching_process,AskReddit,mean_depth,20,60,2.1122523743087105,1.131388888888889,0.9808634854198212,1.7808518225576537,1.2997717287877293,2.280205895361226,0.8,4.33724114709732e-10,1.081301655470919
branching_process,AskReddit,mean_branching_factor,20,60,2.041581280930454,0.325,1.7165812809304535,3.391358790522777,2.850567020771985,3.9230148948476384,0.8833333333333333,7.849679882556454e-13,1.5485716516466046
branching_process,AskReddit,root_reply_share,20,60,0.5549669846256335,0.8841666666666667,0.3291996820410331,1.739848117100748,1.2830407753314497,2.3344830503790757,0.7333333333333333,2.640274304169939e-08,0.6087127352199606
branching_process,AskReddit,width_gini,20,60,0.6366530616832277,0.041944444444444444,0.5947086172387831,5.608556880825773,5.149734650388339,6.023703829106251,1.0,5.657202692906917e-19,1.0041408071538285
branching_process,AskReddit,time_to_50_minutes,20,60,458.549,452.00858587319436,66.21153268270355,0.24783517186585824,0.22188612777819355,0.6632946806534389,0.2,0.5579295083180307,3.702394231246013
branching_process,AskReddit,time_to_90_minutes,20,60,1220.3234000000002,510.3386622426163,709.984737757384,1.3187863155498905,0.926649490140595,1.8145404725471017,0.75,1.006562704905171e-08,26.822631038324836
branching_process,AskReddit,duration_minutes,20,60,6632.106999999999,168.31834955924012,6463.78865044076,1.3284102564913816,0.9252971735951052,1.7594502622174881,0.95,1.034136652263384e-15,85.4206792002039
branching_process,AskReddit,mean_interarrival_minutes,20,60,7.617346077324316,76.98215391261928,72.34657713775088,5.934416948442737,3.3439425879330305,9.19226953550147,0.6666666666666666,8.740270669741289e-07,5.50498062983271
branching_process,AskReddit,repeat_author_share,20,60,0.30009328389923273,0.0,0.30009328389923273,2.341894417543704,1.9387769836187423,2.7679696724717515,1.0,5.657202692906917e-19,0.6814950891970147
branching_process,AskReddit,toxicity_density,20,60,0.018179357228034824,0.06944444444444445,0.08157098864443404,6.584227810422299,2.5790212205040812,12.000743067067758,0.7666666666666667,3.68680732123836e-09,0.16079083064685468
branching_process,AskReddit,counterspeech_rate,20,60,0.11823014377779155,0.0,0.11823014377779155,2.416766022130155,1.9664193079407666,2.834909966188918,1.0,5.657202692906917e-19,0.4263896753405583
branching_process,AskReddit,removed_rate,20,60,0.0063755079425194035,0.0,0.006375507942519404,0.9354031067821272,0.5409899997820691,1.4081532915982022,0.85,1.1906330949418604e-11,0.07718692797248619
branching_process,aww,size,22,66,167.0909090909091,2.090909090909091,165.0,0.7862104557525398,0.4213517697323929,1.2285170082932129,0.7878787878787878,1.1103667058209837e-10,10.825352008010503
branching_process,aww,max_depth,22,66,4.045454545454546,1.1515151515151516,2.8939393939393936,1.009057753288234,0.6126988111916386,1.4000015948763458,0.5909090909090909,8.310786068683654e-06,1.5817194907097445
branching_process,aww,mean_leaf_depth,22,66,1.3032563970260986,1.089069264069264,0.22861714738684885,0.8700566047420768,0.5336527073548268,1.3016739301608267,0.5757575757575758,1.623926386959566e-05,0.43742988231088886
branching_process,aww,mean_depth,22,66,1.337138589980819,1.0519781144781142,0.2851604755027044,0.9366031662785821,0.5423699186197573,1.329874151102106,0.5757575757575758,1.623926386959566e-05,0.4759186165903571
branching_process,aww,mean_branching_factor,22,66,1.0858595904965664,0.18181818181818182,0.9040414086783848,1.1929682642501653,0.7701967465861521,1.6359051435153946,0.5757575757575758,1.623926386959566e-05,0.9455968830935568
branching_process,aww,root_reply_share,22,66,0.8029331601674152,0.9480218855218855,0.15334368878184745,1.0299080363629538,0.5987804237895717,1.4888669133229324,0.5757575757575758,1.623926386959566e-05,0.37195009693702913
branching_process,aww,width_gini,22,66,0.4085498671726665,0.023779461279461275,0.38477040589320527,1.3315476171416785,0.9161541716616941,1.738313262832941,0.6666666666666666,2.0128639802164705e-07,0.660677191429408
branching_process,aww,time_to_50_minutes,22,66,221.91045454545457,450.8373708595537,228.9269163140992,1.6468397497596758,1.1272472179379538,2.171520707369018,0.5,0.00033140774780650913,13.095250329195297
branching_process,aww,time_to_90_minutes,22,66,883.2823636363639,511.4229723866285,400.47813850821456,0.5536484667859788,0.3487690161976845,0.998690168677229,0.5,0.00033140774780650913,15.310927224349806
branching_process,aww,duration_minutes,22,66,3974.485454545455,166.59387504154785,3807.891579503907,0.9296215562907577,0.5509749694019412,1.3654669635559722,0.6363636363636364,9.63432028367439e-07,55.27034551411195
branching_process,aww,mean_interarrival_minutes,22,66,60.503017907274625,74.5798714437666,57.34515735485895,0.46105069303277807,0.36818882238668227,0.764638437986056,0.6060606060606061,4.15363902702703e-06,4.97471749436282
branching_process,aww,repeat_author_share,22,66,0.1407003589946562,0.0,0.14070035899465616,1.0076580980679994,0.5980620156585186,1.4791811438552969,0.6363636363636364,9.63432028367439e-07,0.3577160034307768
branching_process,aww,toxicity_density,22,66,0.011467996596103395,0.0,0.011467996596103393,0.4061468485868118,0.09776555128236913,0.868909939730103,0.45454545454545453,0.0015793327747995738,0.062001934656819774
branching_process,aww,counterspeech_rate,22,66,0.10315664160195649,0.0,0.1031566416019565,1.2444522547028554,0.8114032207546286,1.676925522557099,0.6818181818181818,8.824913721861721e-08,0.33621121947734367
branching_process,aww,removed_rate,22,66,0.0029089103195524364,0.0,0.0029089103195524355,0.4196289038790114,0.10958697877977695,0.8503811613242206,0.3181818181818182,0.06280274249024688,0.031651150527688715
branching_process,funny,size,16,48,249.875,2.2916666666666665,247.58333333333331,0.8955530061970594,0.4397716126505927,1.4151719410069628,0.8541666666666666,1.7146771987796167e-09,14.254324392579571
branching_process,funny,max_depth,16,48,6.375,1.3333333333333333,5.041666666666666,1.5664168687175781,1.0542568078197339,2.0331055308437653,0.7916666666666666,5.984214949284928e-08,2.4692553983381758
branching_process,funny,mean_leaf_depth,16,48,1.7564963438419832,1.1608796296296295,0.5956167142123536,1.021096145982451,0.5382523778173255,1.5088264515820178,0.625,7.675774830793337e-05,0.7015035527462857
branching_process,funny,mean_depth,16,48,1.8787512256606798,1.112847222222222,0.7659040034384575,1.1946576361293573,0.7402660821532983,1.7629622796137927,0.6666666666666666,1.6478144022360576e-05,0.8556815055195042
branching_process,funny,mean_branching_factor,16,48,1.5123534106056562,0.31597222222222227,1.2442501451264365,1.7974334221304238,1.282237185988146,2.256034795805215,0.7708333333333334,1.7237725007225595e-07,1.2027057725566772
branching_process,funny,root_reply_share,16,48,0.6211917434062305,0.900173611111111,0.28361149733451024,1.3130519716798956,0.8525502070643471,1.8480622899712966,0.625,7.675774830793337e-05,0.5229423727527754
branching_process,funny,width_gini,16,48,0.48741827581833913,0.052083333333333336,0.43533494248500576,1.953379162908009,1.4168659166401014,2.3951609017613977,0.7916666666666666,5.984214949284928e-08,0.7615930830355968
branching_process,funny,time_to_50_minutes,16,48,203.95718750000003,487.09564355071575,283.1384560507157,2.190730839174502,1.4722200104507845,2.874849022729172,0.6875,7.215979624529389e-06,16.114174941815026
branching_process,funny,time_to_90_minutes,16,48,787.1490000000001,569.113070989351,275.3442933789645,0.5970063385642004,0.4655904775225832,0.991982179895809,0.5625,0.0005972634255590081,14.080812965052475
branching_process,funny,duration_minutes,16,48,2259.055625,198.15970490805933,2060.8959200919408,1.1188425091153722,0.6576889028579268,1.5740056323018146,0.7708333333333334,1.7237725007225595e-07,43.38038811259357
branching_process,funny,mean_interarrival_minutes,16,48,24.877277464079853,103.42787109400255,87.00394777088724,3.1862104420903434,1.8515201179619325,4.993046089784787,0.5208333333333334,0.0020081005302686012,6.067113720962874
branching_process,funny,repeat_author_share,16,48,0.1582222165245757,0.003472222222222222,0.15474999430235348,1.3125303393621301,0.8278202876526706,1.8794322169967024,0.7916666666666666,5.984214949284928e-08,0.4162419538462681
branching_process,funny,toxicity_density,16,48,0.005099710089306728,0.0,0.005099710089306728,0.6582136446055918,0.2828737480414316,1.1712946841120835,0.4375,0.016206186847859134,0.053050189311178685
branching_process,funny,counterspeech_rate,16,48,0.07880539320654305,0.0,0.07880539320654305,1.36551632312471,0.8925587292222033,1.8226431500699192,0.875,4.49981328182504e-10,0.3060617485024822
branching_process,funny,removed_rate,16,48,0.004522521644484201,0.0,0.0045225216444842,0.5979292907723913,0.16033612677887374,1.213476248467618,0.4375,0.016206186847859134,0.046818378817953386
branching_process,science,size,22,66,235.3181818181818,2.5454545454545454,232.77272727272725,0.7408888206004641,0.32282772741014654,1.1806960110002631,0.5909090909090909,8.310786068683654e-06,12.220183067225735
branching_process,science,max_depth,22,66,5.681818181818182,1.5606060606060606,4.121212121212121,0.9906115597542675,0.553485999241378,1.4568727543775768,0.5454545454545454,5.79023801310788e-05,1.9803905524235765
branching_process,science,mean_leaf_depth,22,66,2.101516281145389,1.3619528619528618,0.7395634191925271,0.7527059776535101,0.3237637089121019,1.1689665506643736,0.48484848484848486,0.0005688377944824733,0.6863184211226177
branching_process,science,mean_depth,22,66,2.217930187335511,1.2283500590318772,0.9895801283036335,0.899158521142935,0.4683665481424521,1.3096363014639616,0.5454545454545454,5.79023801310788e-05,0.8919662323219825
branching_process,science,mean_branching_factor,22,66,1.240141888627904,0.48989898989898983,0.750242898728914,0.76290123833229,0.36492248955430323,1.1999715882113118,0.5303030303030303,0.00010578512084516554,0.739313798798829
branching_process,science,root_reply_share,22,66,0.564142748398043,0.8046766364948182,0.2405338880967754,0.6894778952011057,0.2923983207754702,1.154883513386634,0.4696969696969697,0.000957124276277188,0.38872222256333333
branching_process,science,width_gini,22,66,0.2573501904458381,0.05227764659582841,0.2050725438500097,0.9363449070101022,0.5263329591840299,1.378952110390456,0.5151515151515151,0.00018919468796176135,0.40449174265138654
branching_process,science,time_to_50_minutes,22,66,266.2704545454546,420.619166563087,154.34871201763247,0.7251304614030805,0.27757416724800466,1.2151699473237652,0.2878787878787879,0.11771578411412023,8.247295133829693
branching_process,science,time_to_90_minutes,22,66,924.1779545454548,516.4968092591538,508.9867513061986,0.6637740109059143,0.46302940868693515,1.0173558234516582,0.6363636363636364,9.63432028367439e-07,18.949808950850624
branching_process,science,duration_minutes,22,66,4359.6449999999995,272.4101210808429,4087.2348789191565,0.856786064168189,0.504604944928849,1.3618289610193532,0.6818181818181818,8.824913721861721e-08,58.06330401360764
branching_process,science,mean_interarrival_minutes,22,66,116.72251042151244,131.83384183342287,80.10703846117309,0.3182631883582075,0.2075480358550692,0.6068648331343099,0.2727272727272727,0.1572120111996852,4.807849469901257
branching_process,science,repeat_author_share,22,66,0.22705840726611426,0.0027548209366391185,0.2243035863294751,1.1564741159233791,0.7504631843254262,1.5909555149554473,0.6212121212121212,2.0258355093078292e-06,0.480714370293596
branching_process,science,toxicity_density,22,66,0.021339250954727728,0.013131313131313133,0.023193015876674463,0.785911438234896,0.47713715141188157,1.2084731880462574,0.4393939393939394,0.002556642004100435,0.09859103997491439
branching_process,science,counterspeech_rate,22,66,0.09680475325428219,0.0,0.0968047532542822,0.7654392845003043,0.4018814806342035,1.2425601534518464,0.6818181818181818,8.824913721861721e-08,0.2828769255885426
branching_process,science,removed_rate,22,66,0.015837769828960176,0.0,0.015837769828960176,0.36898800076649,0.055400284237320976,0.8453436387964777,0.4090909090909091,0.006334421476009297,0.06698199209207371
branching_process,worldnews,size,20,60,734.95,2.3833333333333333,732.5666666666667,0.9216930269757303,0.4955630792870039,1.4061548574917242,1.0,5.657202692906917e-19,24.85238642688286
branching_process,worldnews,max_depth,20,60,8.4,1.5666666666666667,6.833333333333334,3.106060606060606,2.6954545454545453,3.538257575757575,1.0,5.657202692906917e-19,3.281090604594082
branching_process,worldnews,mean_leaf_depth,20,60,2.8962379592207688,1.3952777777777776,1.5009601814429911,1.8551586370592894,1.433298330374911,2.3017486743417437,0.8166666666666667,1.383559592195148e-10,1.2975355475600587
branching_process,worldnews,mean_depth,20,60,3.024740701378487,1.240515873015873,1.7842248283626136,2.0568241834982635,1.665359257362614,2.4992522607444307,0.8666666666666667,3.17356229221965e-12,1.51441665237826
branching_process,worldnews,mean_branching_factor,20,60,1.8957263799214445,0.5416666666666666,1.3540597132547778,3.6876580767387206,3.1077116467964596,4.332325001303824,0.8833333333333333,7.849679882556454e-13,1.302735795994533
branching_process,worldnews,root_reply_share,20,60,0.3004660376439242,0.7865873015873016,0.4861212639433774,2.874005130035696,2.278320992679894,3.4363587712959087,0.7666666666666667,3.68680732123836e-09,0.7504126274816699
branching_process,worldnews,width_gini,20,60,0.42005526961273076,0.050211640211640214,0.36984362940109056,4.357821398252333,3.8286345804317294,4.852487181905115,0.9833333333333333,1.1880125655104516e-17,0.7529212464643559
branching_process,worldnews,time_to_50_minutes,20,60,309.0804999999999,294.6071124875204,83.83829996240718,0.5186014094606445,0.3870335811048404,0.8521455923356602,0.3,0.12144560515733786,5.133586976476337
branching_process,worldnews,time_to_90_minutes,20,60,1047.96315,403.4673509890939,644.4957990109061,2.1372321235960077,1.6681367685617383,2.59889828558596,0.9,1.7822281647653146e-13,27.44545266535854
branching_process,worldnews,duration_minutes,20,60,9125.837500000001,227.6930005403282,8898.144499459671,0.8397156975415014,0.49318800858999545,1.2653309674506676,0.95,1.034136652263384e-15,90.37778546205051
branching_process,worldnews,mean_interarrival_minutes,20,60,30.70006666069208,107.78074798443245,82.98270478791332,2.6930980437355334,1.753750434974551,3.8918982232226544,0.4666666666666667,0.002095340312722695,6.618420811234896
branching_process,worldnews,repeat_author_share,20,60,0.3686268437032795,0.0,0.3686268437032795,2.387577940169039,1.9343863447490948,2.782482279096994,1.0,5.657202692906917e-19,0.7512117414015148
branching_process,worldnews,toxicity_density,20,60,0.02928357360782089,0.04777777777777777,0.060089077473698335,2.8256876534549837,1.6499354009094571,4.443115619556058,0.7833333333333333,1.2938776663797082e-09,0.17314551572487188
branching_process,worldnews,counterspeech_rate,20,60,0.0812160532999879,0.0,0.0812160532999879,2.1268077071292937,1.6944419564452513,2.5303821312429724,0.95,1.034136652263384e-15,0.34731641450398226
branching_process,worldnews,removed_rate,20,60,0.03447113874652126,0.0,0.03447113874652126,0.8385783323461576,0.4287644702827115,1.3428819198197648,0.8,4.33724114709732e-10,0.1692848494298228
empirical_bootstrap,AskReddit,size,20,60,3376.3,3675.7166666666667,2764.516666666667,0.6175369936608374,0.40198178775686316,0.8863344795960953,0.48333333333333334,0.0012493754548492724,37.00068317687601
empirical_bootstrap,AskReddit,max_depth,20,60,9.0,6.233333333333333,3.033333333333333,1.4628032272502502,1.1332706321004686,1.840560104617073,0.7166666666666667,6.669428738626486e-08,1.8586135812600866
empirical_bootstrap,AskReddit,mean_leaf_depth,20,60,1.8958850488476031,2.0864723287834797,0.26359887305637275,0.5038770712655336,0.32091026003889916,0.8385247301965021,0.35,0.04400028299226751,0.34042976944060965
empirical_bootstrap,AskReddit,mean_depth,20,60,2.1122523743087105,2.0840608942621013,0.27925029333507057,0.5070057161141728,0.3224356451563569,0.7475974954026624,0.3333333333333333,0.06288007952891456,0.32034836063145566
empirical_bootstrap,AskReddit,mean_branching_factor,20,60,2.041581280930454,41.74669516297561,39.705113882045154,78.44329219272038,68.23466224454499,88.63043262379449,0.9666666666666667,1.3068138220614972e-16,7.532196270561622
empirical_bootstrap,AskReddit,root_reply_share,20,60,0.5549669846256335,0.4770515658081133,0.15866649320980047,0.8385658143607836,0.573914722242608,1.1288135081688913,0.7666666666666667,3.68680732123836e-09,0.3308930739580882
empirical_bootstrap,AskReddit,width_gini,20,60,0.6366530616832277,0.4994964180878,0.13799621624500025,1.3014098092983624,0.8929311597456802,1.6959287335486468,0.6,1.760877687610034e-05,0.33172555293100675
empirical_bootstrap,AskReddit,time_to_50_minutes,20,60,458.549,435.7123859354299,200.17069337977557,0.7492552458197989,0.4834337039911173,1.0355272872159487,0.45,0.003439914290321768,10.288931285306766
empirical_bootstrap,AskReddit,time_to_90_minutes,20,60,1220.3234000000002,720.0,625.0384000000003,1.1609997296799304,0.8367703702439915,1.4537415508000393,0.75,1.006562704905171e-08,25.704730303973243
empirical_bootstrap,AskReddit,duration_minutes,20,60,6632.106999999999,719.5019713369002,5945.783059202597,1.221951958187687,0.8126924514086311,1.6922561763096498,0.95,1.034136652263384e-15,80.6024678400985
empirical_bootstrap,AskReddit,mean_interarrival_minutes,20,60,7.617346077324316,0.9870203990542763,6.630325678270042,0.5438697812047456,0.22133178340247545,1.0311961533987608,0.7666666666666667,3.68680732123836e-09,2.037503887930924
empirical_bootstrap,AskReddit,repeat_author_share,20,60,0.30009328389923273,0.9860887145589695,0.6859954306597368,5.353431601828108,4.886038367660095,5.795349752164058,0.9666666666666667,1.3068138220614972e-16,1.0999746620970452
empirical_bootstrap,AskReddit,toxicity_density,20,60,0.018179357228034824,0.024697107946990437,0.009177246307365827,0.7407668015824216,0.46985415226777266,1.113289910327109,0.48333333333333334,0.0012493754548492724,0.07568385411595384
empirical_bootstrap,AskReddit,counterspeech_rate,20,60,0.11823014377779155,0.0,0.11823014377779155,2.416766022130155,2.048797841447474,2.9641113725079182,1.0,5.657202692906917e-19,0.4263896753405583
empirical_bootstrap,AskReddit,removed_rate,20,60,0.0063755079425194035,0.0,0.006375507942519404,0.9354031067821272,0.5229024188617653,1.3789836778994884,0.85,1.1906330949418604e-11,0.07718692797248619
empirical_bootstrap,aww,size,22,66,167.0909090909091,375.57575757575756,208.4848484848485,0.9934119257258905,0.49871841616451557,1.5075531342329347,0.3787878787878788,0.014593757577691647,9.963984731799682
empirical_bootstrap,aww,max_depth,22,66,4.045454545454546,3.9242424242424243,1.6363636363636362,0.57056668772319,0.3698117420428083,0.7871707080625491,0.3787878787878788,0.014593757577691647,0.8740730364761187
empirical_bootstrap,aww,mean_leaf_depth,22,66,1.3032563970260986,1.4442520886523966,0.15050806155805785,0.5727940118329383,0.4185652180887903,0.9891001480291156,0.4393939393939394,0.002556642004100435,0.30156357301133674
empirical_bootstrap,aww,mean_depth,22,66,1.337138589980819,1.4304188851471744,0.1463254887592493,0.4806027758144702,0.3422421173635039,0.77946775400853,0.3939393939393939,0.009701199783823307,0.2830655342411746
empirical_bootstrap,aww,mean_branching_factor,22,66,1.0858595904965664,4.867238776416984,3.7813791859204184,4.989887985876551,4.0475234912640135,5.992932043246641,0.7575757575757576,8.950306598136044e-10,1.8965396686921208
empirical_bootstrap,aww,root_reply_share,22,66,0.8029331601674152,0.6970233138160091,0.11020921440537326,0.740202329153688,0.4452852309381475,1.144009624077137,0.5151515151515151,0.00018919468796176135,0.27484254162723615
empirical_bootstrap,aww,width_gini,22,66,0.4085498671726665,0.5002350238220898,0.15995105198096105,0.5535312458091375,0.3384650197477787,0.8470008095378776,0.30303030303030304,0.08670181202940781,0.276875914656541
empirical_bootstrap,aww,time_to_50_minutes,22,66,221.91045454545457,581.2851819079067,359.37472736245206,2.5852468360142864,2.185402987825274,2.9841192250199158,0.9545454545454546,1.558946550323073e-17,22.12768539234992
empirical_bootstrap,aww,time_to_90_minutes,22,66,883.2823636363639,717.7233716726493,584.9770989453766,0.8087124933771493,0.5826402121755904,1.0661372892192638,0.5,0.00033140774780650913,19.503507359559894
empirical_bootstrap,aww,duration_minutes,22,66,3974.485454545455,707.1957005319067,3570.0214755038496,0.8715502662714167,0.5058370091694382,1.2753330161541652,0.6363636363636364,9.63432028367439e-07,51.9916885700664
empirical_bootstrap,aww,mean_interarrival_minutes,22,66,60.503017907274625,12.446351067691614,48.19322739201568,0.3874698738914943,0.1596384306791908,0.8290263903465932,0.696969696969697,3.757302077032373e-08,5.059401500558601
empirical_bootstrap,aww,repeat_author_share,22,66,0.1407003589946562,0.8633174854804156,0.7226171264857594,5.17518934925858,4.658948138390563,5.820111883864396,0.9090909090909091,3.2999131401019822e-15,1.0477190868080228
empirical_bootstrap,aww,toxicity_density,22,66,0.011467996596103395,0.0045875486424167,0.008127323079947669,0.2878346386577395,0.07989195586567548,0.7233737750143692,0.22727272727272727,0.33888433279851204,0.037260444493347665
empirical_bootstrap,aww,counterspeech_rate,22,66,0.10315664160195649,0.0,0.1031566416019565,1.2444522547028554,0.8596610927765373,1.6686998301452858,0.6818181818181818,8.824913721861721e-08,0.33621121947734367
empirical_bootstrap,aww,removed_rate,22,66,0.0029089103195524364,0.0,0.0029089103195524355,0.4196289038790114,0.08386001900268024,0.9233993868914456,0.3181818181818182,0.06280274249024688,0.031651150527688715
empirical_bootstrap,funny,size,16,48,249.875,663.75,413.875,1.4970595776767741,0.7256417177506049,2.536338894128743,0.3541666666666667,0.08673811580352508,11.72085629219223
empirical_bootstrap,funny,max_depth,16,48,6.375,4.6875,2.2291666666666665,0.6925892766643837,0.37526040480951073,1.0361329762808522,0.4166666666666667,0.025581287559556284,1.1714929932924623
empirical_bootstrap,funny,mean_leaf_depth,16,48,1.7564963438419832,1.6734522589187109,0.3106706406899755,0.5325985425004941,0.2777669854386632,0.8632525990412097,0.3125,0.1737768747889471,0.33095738186908397
empirical_bootstrap,funny,mean_depth,16,48,1.8787512256606798,1.660856788118658,0.3794013838701932,0.5917905616940571,0.3221423910470426,0.9502253691257179,0.375,0.05913991068394585,0.3959496731689358
empirical_bootstrap,funny,mean_branching_factor,16,48,1.5123534106056562,8.962789718996367,7.45043630839071,10.762838391145745,7.772170324305019,14.518996115620597,0.7083333333333334,3.035147799349421e-06,2.482345380553616
empirical_bootstrap,funny,root_reply_share,16,48,0.6211917434062305,0.5950365182438245,0.14300839663336873,0.6620939522234818,0.38563244895723175,0.9577232858058751,0.3958333333333333,0.03937272102837334,0.25151932896790097
empirical_bootstrap,funny,width_gini,16,48,0.48741827581833913,0.4815133836425118,0.0877232246955541,0.39362041155080196,0.2244561853258855,0.7463333560340779,0.2916666666666667,0.2376093134200521,0.1607759676226452
empirical_bootstrap,funny,time_to_50_minutes,16,48,203.95718750000003,505.64425615989074,301.68706865989077,2.3342472594927024,1.7607151292925438,2.827587731841865,0.9583333333333334,6.263728297753071e-13,19.68567082877722
empirical_bootstrap,funny,time_to_90_minutes,16,48,787.1490000000001,720.0,412.191125,0.8937200452025366,0.6809262117089591,1.1176222434753706,0.5625,0.0005972634255590081,17.209134565689236
empirical_bootstrap,funny,duration_minutes,16,48,2259.055625,704.2402673132965,1695.2821177804576,0.9203539488938824,0.5263042788770992,1.3603004801708567,0.75,4.7057337180682796e-07,36.918785585173566
empirical_bootstrap,funny,mean_interarrival_minutes,16,48,24.877277464079853,11.604893313032193,13.302227780127605,0.48714682657525354,0.20638676015460958,1.0241429507712738,0.5625,0.0005972634255590081,2.4764306584209947
empirical_bootstrap,funny,repeat_author_share,16,48,0.1582222165245757,0.8101777771113575,0.6519555605867818,5.529638027088332,4.51853792043154,6.30431714196102,0.8958333333333334,1.0724894785374977e-10,0.9669377579975663
empirical_bootstrap,funny,toxicity_density,16,48,0.005099710089306728,0.01129986111240631,0.007060707418755681,0.9113172871018455,0.39606029348253646,1.760335918490075,0.3541666666666667,0.08673811580352508,0.04414382220438314
empirical_bootstrap,funny,counterspeech_rate,16,48,0.07880539320654305,0.0,0.07880539320654305,1.36551632312471,0.8872003995436086,1.8432847438132036,0.875,4.49981328182504e-10,0.3060617485024822
empirical_bootstrap,funny,removed_rate,16,48,0.004522521644484201,0.0,0.0045225216444842,0.5979292907723913,0.18388108578120257,1.113530386684144,0.4375,0.016206186847859134,0.046818378817953386
empirical_bootstrap,science,size,22,66,235.3181818181818,690.5909090909091,455.2727272727272,1.449080731719244,0.9174123457391367,2.0551152965580997,0.4696969696969697,0.000957124276277188,16.79747565100475
empirical_bootstrap,science,max_depth,22,66,5.681818181818182,6.5606060606060606,2.727272727272727,0.6555517674844417,0.5390092310427632,0.8230816636193545,0.4090909090909091,0.006334421476009297,1.3592522116367154
empirical_bootstrap,science,mean_leaf_depth,22,66,2.101516281145389,2.8520596671090535,0.7535078128411354,0.766898172915846,0.43763399013728116,1.1917384812727778,0.42424242424242425,0.004061636397310889,0.6622623987489409
empirical_bootstrap,science,mean_depth,22,66,2.217930187335511,2.8095260797157025,0.6389265278847811,0.5805454409403793,0.394804495962895,0.9941925983376975,0.42424242424242425,0.004061636397310889,0.6206562223419405
empirical_bootstrap,science,mean_branching_factor,22,66,1.240141888627904,14.282525045478367,13.042383156850462,13.262438442300644,10.486598317602438,15.546732555238718,0.9090909090909091,3.2999131401019822e-15,3.8002222802964796
empirical_bootstrap,science,root_reply_share,22,66,0.564142748398043,0.3070976125526712,0.29677939781658724,0.8507027270240819,0.527151518234739,1.2279390629210305,0.5909090909090909,8.310786068683654e-06,0.47423951406417214
empirical_bootstrap,science,width_gini,22,66,0.2573501904458381,0.3698833640461609,0.12736916670371246,0.5815574738292115,0.32191450178684183,0.9296159482106187,0.42424242424242425,0.004061636397310889,0.28225031857211846
empirical_bootstrap,science,time_to_50_minutes,22,66,266.2704545454546,426.192336580381,189.58019535534248,0.8906480185931277,0.6136968691291436,1.199683614010465,0.5909090909090909,8.310786068683654e-06,12.393808672326976
empirical_bootstrap,science,time_to_90_minutes,22,66,924.1779545454548,719.2873513663151,661.4047604572244,0.8625436508009373,0.6581216597058193,1.1063482503970934,0.6363636363636364,9.63432028367439e-07,21.917664370322317
empirical_bootstrap,science,duration_minutes,22,66,4359.6449999999995,711.4288822384095,4043.129809747754,0.8475405449492827,0.4983689289863047,1.2273640737073126,0.6818181818181818,8.824913721861721e-08,57.4387651828909
empirical_bootstrap,science,mean_interarrival_minutes,22,66,116.72251042151244,9.208971668775435,107.69958683658736,0.42788766817397056,0.11532453367705338,0.875501040252735,0.5454545454545454,5.79023801310788e-05,5.824338539709236
empirical_bootstrap,science,repeat_author_share,22,66,0.22705840726611426,0.9044338120131706,0.6773754047470566,3.492441361157823,2.9739479739569505,3.967476954449068,0.9242424242424242,6.344180157372736e-16,1.0138467152878394
empirical_bootstrap,science,toxicity_density,22,66,0.021339250954727728,0.03278990437783594,0.022103703607856073,0.7489993360561115,0.569771422858685,0.9562647059726442,0.5757575757575758,1.623926386959566e-05,0.12858213866237317
empirical_bootstrap,science,counterspeech_rate,22,66,0.09680475325428219,0.0,0.0968047532542822,0.7654392845003043,0.40067052527488367,1.2208968659244912,0.6818181818181818,8.824913721861721e-08,0.2828769255885426
empirical_bootstrap,science,removed_rate,22,66,0.015837769828960176,0.0,0.015837769828960176,0.36898800076649,0.05735813575160793,0.7748276794877899,0.4090909090909091,0.006334421476009297,0.06698199209207371
empirical_bootstrap,worldnews,size,20,60,734.95,1632.8666666666666,898.8166666666667,1.1308637041401046,0.5193618793652773,1.7135466325847135,0.38333333333333336,0.02035545452862525,20.771334413882354
empirical_bootstrap,worldnews,max_depth,20,60,8.4,8.016666666666667,1.25,0.5681818181818181,0.393560606060606,0.8712121212121211,0.4,0.013448447813353604,0.7813805446487362
empirical_bootstrap,worldnews,mean_leaf_depth,20,60,2.8962379592207688,3.5189720331093923,0.6227340738886237,0.7696876373195627,0.43563040805582126,1.23910156818375,0.3333333333333333,0.06288007952891456,0.4567200589944268
empirical_bootstrap,worldnews,mean_depth,20,60,3.024740701378487,3.48133876766205,0.4565980662835626,0.5263585227274451,0.2991067193909415,1.1016775195842312,0.23333333333333334,0.36332180236614087,0.3385545761992233
empirical_bootstrap,worldnews,mean_branching_factor,20,60,1.8957263799214445,28.692723790874343,26.796997410952898,72.97917733429645,59.992611660366016,88.55026855780929,0.9333333333333333,6.644950283088462e-15,5.615499066014567
empirical_bootstrap,worldnews,root_reply_share,20,60,0.3004660376439242,0.26296497750037867,0.11530608440817566,0.6817029056190917,0.44003227986526716,1.0353152782089563,0.4166666666666667,0.008711496799260128,0.23872795110207265
empirical_bootstrap,worldnews,width_gini,20,60,0.42005526961273076,0.38434363955602113,0.038892218447900695,0.45826216353171556,0.264727995248027,0.9999696977952346,0.2833333333333333,0.16421707531506397,0.10907753333495994
empirical_bootstrap,worldnews,time_to_50_minutes,20,60,309.0804999999999,296.5640282521907,99.82091637617913,0.617465620719312,0.3297006332063747,1.000664054611792,0.45,0.003439914290321768,6.61711486938353
empirical_bootstrap,worldnews,time_to_90_minutes,20,60,1047.96315,718.0713311699697,391.4429811699698,1.2980759769056145,0.9865335195907369,1.639907267874815,0.9,1.7822281647653146e-13,21.546089054126007
empirical_bootstrap,worldnews,duration_minutes,20,60,9125.837500000001,718.7407357966574,8454.258697016932,0.7978263040561958,0.4001517685899486,1.2975762087372023,0.95,1.034136652263384e-15,86.77333467916807
empirical_bootstrap,worldnews,mean_interarrival_minutes,20,60,30.70006666069208,3.1065050947474444,27.593561565944633,0.8955139129637684,0.5444495568652682,1.4031205204352795,0.9,1.7822281647653146e-13,4.8548658423024005
empirical_bootstrap,worldnews,repeat_author_share,20,60,0.3686268437032795,0.9621284662348277,0.5935016225315481,3.844080824866552,3.4052650022944353,4.348582400377108,0.95,1.034136652263384e-15,0.9785674299729469
empirical_bootstrap,worldnews,toxicity_density,20,60,0.02928357360782089,0.03536652673443083,0.013128648411783345,0.6173744261586568,0.42325473089793364,0.8898642648539817,0.5166666666666667,0.0004158473226978137,0.08875553019263459
empirical_bootstrap,worldnews,counterspeech_rate,20,60,0.0812160532999879,0.0,0.0812160532999879,2.1268077071292937,1.6552528449662984,2.5453103440016736,0.95,1.034136652263384e-15,0.34731641450398226
empirical_bootstrap,worldnews,removed_rate,20,60,0.03447113874652126,0.0,0.03447113874652126,0.8385783323461576,0.4559060230883518,1.2977489350880387,0.8,4.33724114709732e-10,0.1692848494298228
hawkes,AskReddit,size,20,60,3376.3,2851.633333333333,1940.666666666667,0.43350560099033525,0.2314968866679776,0.7321781715829861,0.25,0.284103156037662,22.863167856717595
hawkes,AskReddit,max_depth,20,60,9.0,6.383333333333334,3.05,1.4708406076197569,1.0687706546351758,1.7923358224000319,0.65,1.933569998003801e-06,1.779356937522967
hawkes,AskReddit,mean_leaf_depth,20,60,1.8958850488476031,2.1784978768874494,0.28261282803984705,0.5402228106807352,0.31672639941452113,1.011584479599254,0.35,0.04400028299226751,0.31558784858464217
hawkes,AskReddit,mean_depth,20,60,2.1122523743087105,2.1759883773211723,0.26032367719838684,0.4726426275265331,0.35549350165669436,0.7528989518157507,0.3,0.12144560515733786,0.2722372754361079
hawkes,AskReddit,mean_branching_factor,20,60,2.041581280930454,32.14627036834965,30.10468908741919,59.476241006912474,49.95811642652294,68.60789709907819,0.9833333333333333,1.1880125655104516e-17,6.225197521127903
hawkes,AskReddit,root_reply_share,20,60,0.5549669846256335,0.4763220134452503,0.15768639521041877,0.8333859136748957,0.5776710035281832,1.1023679941970064,0.7666666666666667,3.68680732123836e-09,0.33012657670501194
hawkes,AskReddit,width_gini,20,60,0.6366530616832277,0.4970976191594515,0.14025301517334876,1.3226931483846485,0.9381392431140432,1.7985455598411018,0.6333333333333333,4.152901639854777e-06,0.3447483880462443
hawkes,AskReddit,time_to_50_minutes,20,60,458.549,245.45062680753423,219.4332457968913,0.8213565519736447,0.4558526696193681,1.2735630249329244,0.6333333333333333,4.152901639854777e-06,11.5658071463921
hawkes,AskReddit,time_to_90_minutes,20,60,1220.3234000000002,435.232103349242,785.0912966507583,1.458295655411885,1.0385197863711475,1.9044045815630282,0.8,4.33724114709732e-10,28.832975466356842
hawkes,AskReddit,duration_minutes,20,60,6632.106999999999,481.0496074492355,6151.057392550765,1.2641390630825142,0.8493792236124894,1.7139629046226486,0.95,1.034136652263384e-15,81.63641179208126
hawkes,AskReddit,mean_interarrival_minutes,20,60,7.617346077324316,0.21226344011672776,7.405082637207591,0.6074212443138941,0.30202247068242744,1.1048042865742387,0.9833333333333333,1.1880125655104516e-17,2.3105339762833528
hawkes,AskReddit,repeat_author_share,20,60,0.30009328389923273,0.9919773203319008,0.6918840364326682,5.399385622549792,4.849680691341371,5.835406873217357,0.9833333333333333,1.1880125655104516e-17,1.1102966181071054
hawkes,AskReddit,toxicity_density,20,60,0.018179357228034824,0.025468389861040663,0.008583209497684905,0.6928174785729284,0.42768160112767617,1.0928461154889901,0.45,0.003439914290321768,0.0695174725864133
hawkes,AskReddit,counterspeech_rate,20,60,0.11823014377779155,0.0,0.11823014377779155,2.416766022130155,1.9419746157941438,2.8487200018341063,1.0,5.657202692906917e-19,0.4263896753405583
hawkes,AskReddit,removed_rate,20,60,0.0063755079425194035,0.0,0.006375507942519404,0.9354031067821272,0.5394823546940303,1.3947790365428039,0.85,1.1906330949418604e-11,0.07718692797248619
hawkes,aww,size,22,66,167.0909090909091,708.7272727272727,541.6363636363636,2.5808495291314775,1.3356174266446823,4.007657261254674,0.4090909090909091,0.006334421476009297,12.901121455229045
hawkes,aww,max_depth,22,66,4.045454545454546,3.8636363636363638,1.7272727272727273,0.6022648370411451,0.41722689039758265,0.8347179320394817,0.3484848484848485,0.031332141314137946,0.8958633635814839
hawkes,aww,mean_leaf_depth,22,66,1.3032563970260986,1.4056557481770515,0.1597798545664876,0.608080012192025,0.3972131685540843,0.9266693572136038,0.4393939393939394,0.002556642004100435,0.3008976461680649
hawkes,aww,mean_depth,22,66,1.337138589980819,1.3999119589908067,0.17218469780507917,0.5655367661477635,0.3529541582671608,0.8436152379085257,0.3484848484848485,0.031332141314137946,0.2899701528942506
hawkes,aww,mean_branching_factor,22,66,1.0858595904965664,6.6650922982419445,5.579232707745378,7.362325990063791,5.50594016114545,10.074872584772088,0.7575757575757576,8.950306598136044e-10,1.8702173875157109
hawkes,aww,root_reply_share,22,66,0.8029331601674152,0.7066988391726644,0.10793802871097005,0.7249482784828049,0.41257341148964677,1.1290836170425547,0.5,0.00033140774780650913,0.2662716251221644
hawkes,aww,width_gini,22,66,0.4085498671726665,0.5089829984302773,0.16785805443135626,0.5808944476310557,0.3274840466625774,0.870637149821983,0.3181818181818182,0.06280274249024688,0.2916034082904825
hawkes,aww,time_to_50_minutes,22,66,221.91045454545457,89.93385614617523,134.15604271986504,0.9650831251245227,0.5071107256920004,1.3434260833083889,0.5606060606060606,3.10094901737926e-05,10.260036112068024
hawkes,aww,time_to_90_minutes,22,66,883.2823636363639,135.17372216045595,751.1068160098125,1.0383816170974365,0.6197768568404606,1.5051587048504946,0.7121212121212122,1.551467852276943e-08,25.666582032782017
hawkes,aww,duration_minutes,22,66,3974.485454545455,135.1950093311672,3844.628469112654,0.9385901426536643,0.5408673310301774,1.3485389456216643,0.7272727272727273,6.20412728458972e-09,56.324081852257024
hawkes,aww,mean_interarrival_minutes,22,66,60.503017907274625,1.0223050992241312,59.50773380724472,0.4784376428311527,0.2035483403160743,0.9634816132817899,0.8939393939393939,1.5490617868175756e-14,6.633949934514174
hawkes,aww,repeat_author_share,22,66,0.1407003589946562,0.86813830728687,0.7274379482922138,5.209714777390579,4.588071032275414,5.687853494077799,0.9242424242424242,6.344180157372736e-16,1.0593819503196582
hawkes,aww,toxicity_density,22,66,0.011467996596103395,0.0035718939770508014,0.008744074260696347,0.30967729847404807,0.05810723367837397,0.7779916940461536,0.22727272727272727,0.33888433279851204,0.038807285940630556
hawkes,aww,counterspeech_rate,22,66,0.10315664160195649,0.0,0.1031566416019565,1.2444522547028554,0.8447004324705857,1.6561028104334015,0.6818181818181818,8.824913721861721e-08,0.33621121947734367
hawkes,aww,removed_rate,22,66,0.0029089103195524364,0.0,0.0029089103195524355,0.4196289038790114,0.09679490427898214,0.8543740234867294,0.3181818181818182,0.06280274249024688,0.031651150527688715
hawkes,funny,size,16,48,249.875,905.7708333333334,655.8958333333333,2.3724920308062956,1.1249631061583985,4.059709674440463,0.22916666666666666,0.5242021876489524,13.82514190202441
hawkes,funny,max_depth,16,48,6.375,4.8125,2.1041666666666665,0.6537524947953529,0.3495310368212778,1.0421203134856616,0.3958333333333333,0.03937272102837334,1.1184221276224624
hawkes,funny,mean_leaf_depth,16,48,1.7564963438419832,1.7207991596040433,0.30748146942874904,0.5271311833649757,0.28794220279566207,0.8334682054290561,0.3333333333333333,0.12419312482614794,0.33777435855318455
hawkes,funny,mean_depth,16,48,1.8787512256606798,1.6987564027323607,0.3549843604426206,0.5537048703302009,0.26488989768446175,0.9412415789089501,0.3333333333333333,0.12419312482614794,0.36814141865018085
hawkes,funny,mean_branching_factor,16,48,1.5123534106056562,9.900433251607657,8.388079841002,12.117350448195745,7.688131271786185,17.486736038389417,0.7083333333333334,3.035147799349421e-06,2.2700902599311563
hawkes,funny,root_reply_share,16,48,0.6211917434062305,0.5737109289623121,0.13526030529709498,0.6262221815037966,0.3920293263438716,0.9513115088325824,0.4583333333333333,0.010008741665554264,0.2517015565884396
hawkes,funny,width_gini,16,48,0.48741827581833913,0.4720691866290414,0.0827008718097276,0.37108475332878293,0.21066572716506562,0.7048848341821612,0.3333333333333333,0.12419312482614794,0.15982410050824622
hawkes,funny,time_to_50_minutes,16,48,203.95718750000003,104.29384021978255,106.37252433832634,0.8230375087835857,0.4254401238080543,1.3186154441388327,0.5416666666666666,0.0011115062151046675,8.587935855259044
hawkes,funny,time_to_90_minutes,16,48,787.1490000000001,163.75605758322615,627.9805113122779,1.3615983870499906,0.8890138657151967,1.8284072442948571,0.6875,7.215979624529389e-06,25.47828045205218
hawkes,funny,duration_minutes,16,48,2259.055625,170.07384038443877,2091.9066445109966,1.1356779622696265,0.6726850790967646,1.5912432679001993,0.8125,1.959014186036792e-08,44.775261360287345
hawkes,funny,mean_interarrival_minutes,16,48,24.877277464079853,0.7785718894281644,24.116701584503137,0.8831885033501052,0.4287514550286753,1.3702532839626955,0.8541666666666666,1.7146771987796167e-09,4.48900541651941
hawkes,funny,repeat_author_share,16,48,0.1582222165245757,0.8330839946003804,0.6748617780758046,5.723919813978922,4.975936269219033,6.531764726315428,0.9166666666666666,2.2717273414530594e-11,0.9993825387324009
hawkes,funny,toxicity_density,16,48,0.005099710089306728,0.011314460483169178,0.006214750393862451,0.8021305986855296,0.4610185999175343,1.4107782999373109,0.4791666666666667,0.006021315749957966,0.0560012674002832
hawkes,funny,counterspeech_rate,16,48,0.07880539320654305,0.0,0.07880539320654305,1.36551632312471,0.9252000725379004,1.8411708720658382,0.875,4.49981328182504e-10,0.3060617485024822
hawkes,funny,removed_rate,16,48,0.004522521644484201,0.0,0.0045225216444842,0.5979292907723913,0.17749754329234232,1.1504536157360736,0.4375,0.016206186847859134,0.046818378817953386
hawkes,science,size,22,66,235.3181818181818,765.7272727272727,530.4090909090907,1.6882311360255444,0.8080935082231795,2.7437577833684155,0.45454545454545453,0.0015793327747995738,13.312604410106296
hawkes,science,max_depth,22,66,5.681818181818182,6.742424242424242,2.8484848484848486,0.6846874015948614,0.5424690875933754,0.8559503008501717,0.42424242424242425,0.004061636397310889,1.3800360650588728
hawkes,science,mean_leaf_depth,22,66,2.101516281145389,2.868475798274466,0.7669595171290775,0.7805889233834885,0.4047792421411414,1.2360108309408668,0.42424242424242425,0.004061636397310889,0.6688216700667399
hawkes,science,mean_depth,22,66,2.217930187335511,2.836541555060682,0.631463695842865,0.573764515545434,0.357781939443159,0.9895242110088023,0.42424242424242425,0.004061636397310889,0.6236614795218449
hawkes,science,mean_branching_factor,22,66,1.240141888627904,13.68693387921277,12.446791990584865,12.656798270226217,9.319658199384547,16.760539288554806,0.8787878787878788,6.665667526806685e-14,3.185774640857944
hawkes,science,root_reply_share,22,66,0.564142748398043,0.3221181789442711,0.2819544030945671,0.8082076497683005,0.47528676073940074,1.1887141589586092,0.5606060606060606,3.10094901737926e-05,0.45043864422239804
hawkes,science,width_gini,22,66,0.2573501904458381,0.37625943662758077,0.13791477467966762,0.6297078801889865,0.3975457894706343,0.9788306996551146,0.4393939393939394,0.002556642004100435,0.30214788957547417
hawkes,science,time_to_50_minutes,22,66,266.2704545454546,103.5688785167988,187.76850823371916,0.8821367100033245,0.570231429676903,1.2027856028828008,0.5606060606060606,3.10094901737926e-05,11.690417383844222
hawkes,science,time_to_90_minutes,22,66,924.1779545454548,160.54109228312322,794.7236545609529,1.036405970088569,0.6496831964140763,1.3943206737626734,0.6363636363636364,9.63432028367439e-07,27.04991621240288
hawkes,science,duration_minutes,22,66,4359.6449999999995,163.92659387582518,4220.971755834603,0.884820639082766,0.5150366507831683,1.3847007737573502,0.6818181818181818,8.824913721861721e-08,60.19590496053314
hawkes,science,mean_interarrival_minutes,22,66,116.72251042151244,0.4599518395352824,116.32535275602503,0.46215761269179706,0.12605938961510166,0.9706832418325128,0.7727272727272727,3.216235163595183e-10,6.794000829418031
hawkes,science,repeat_author_share,22,66,0.22705840726611426,0.908536016298934,0.6814776090328198,3.5135916831493166,3.0846710364370424,3.994800182858974,0.9545454545454546,1.558946550323073e-17,1.0113550506246827
hawkes,science,toxicity_density,22,66,0.021339250954727728,0.03334635999250697,0.018959895038585688,0.6424692009780189,0.4522520640493549,0.8867716340516009,0.5151515151515151,0.00018919468796176135,0.1164816890476571
hawkes,science,counterspeech_rate,22,66,0.09680475325428219,0.0,0.0968047532542822,0.7654392845003043,0.4239593382964642,1.2190745584016018,0.6818181818181818,8.824913721861721e-08,0.2828769255885426
hawkes,science,removed_rate,22,66,0.015837769828960176,0.0,0.015837769828960176,0.36898800076649,0.05921166337185473,0.8151343306678649,0.4090909090909091,0.006334421476009297,0.06698199209207371
hawkes,worldnews,size,20,60,734.95,1074.9666666666667,364.48333333333335,0.45858180841179974,0.30276590528021075,0.9494204612762328,0.3333333333333333,0.06288007952891456,10.033084160804085
hawkes,worldnews,max_depth,20,60,8.4,7.666666666666667,1.4000000000000001,0.6363636363636364,0.37121212121212116,0.9551136363636358,0.36666666666666664,0.030215139883456178,0.815815883368028
hawkes,worldnews,mean_leaf_depth,20,60,2.8962379592207688,3.412801295194982,0.516563335974213,0.6384625962558347,0.3163469734060891,1.1642389876832433,0.26666666666666666,0.21798503902718963,0.38692876586356767
hawkes,worldnews,mean_depth,20,60,3.024740701378487,3.3812285174310404,0.35922581336890347,0.4141094376273486,0.27121052231395215,0.9060759567323806,0.18333333333333332,0.6669948116135004,0.2828490820665925
hawkes,worldnews,mean_branching_factor,20,60,1.8957263799214445,20.219237606665704,18.323511226744262,49.90241088193581,40.45152485964945,60.44869357370504,0.9666666666666667,1.3068138220614972e-16,4.478206114926217
hawkes,worldnews,root_reply_share,20,60,0.3004660376439242,0.27144305777439165,0.11461434854073418,0.6776132831748285,0.45808533886948716,1.009562443637301,0.45,0.003439914290321768,0.23795147936425404
hawkes,worldnews,width_gini,20,60,0.42005526961273076,0.37150103947505786,0.052133259739070126,0.6142797030719834,0.2606646952509184,1.0841033242231877,0.2833333333333333,0.16421707531506397,0.13374259534738744
hawkes,worldnews,time_to_50_minutes,20,60,309.0804999999999,155.7334188603171,153.3470811396829,0.9485642296107455,0.541649810249894,1.4527238072549984,0.5666666666666667,6.715713895297996e-05,10.133146784814835
hawkes,worldnews,time_to_90_minutes,20,60,1047.96315,267.18426417695565,780.7788858230444,2.5891646132797717,2.1264089371061576,2.9903455349560133,0.9,1.7822281647653146e-13,32.557783477853036
hawkes,worldnews,duration_minutes,20,60,9125.837500000001,293.04738451024326,8832.790115489755,0.8335482204763643,0.47885058373733447,1.3562641674763718,0.95,1.034136652263384e-15,89.86259720166157
hawkes,worldnews,mean_interarrival_minutes,20,60,30.70006666069208,0.38154916793788396,30.318517492754193,0.983948888595284,0.6081275478920861,1.462940713838052,1.0,5.657202692906917e-19,5.429797003955755
hawkes,worldnews,repeat_author_share,20,60,0.3686268437032795,0.9714972891771333,0.6028704454738538,3.904762230370498,3.4965541231191053,4.3787251551402715,0.9666666666666667,1.3068138220614972e-16,0.9910493023684789
hawkes,worldnews,toxicity_density,20,60,0.02928357360782089,0.039415798320954945,0.011432081388082556,0.5375933961664996,0.35796953259109865,0.9826730448603894,0.4666666666666667,0.002095340312722695,0.07975778630195701
hawkes,worldnews,counterspeech_rate,20,60,0.0812160532999879,0.0,0.0812160532999879,2.1268077071292937,1.68110054783472,2.518998256632232,0.95,1.034136652263384e-15,0.34731641450398226
hawkes,worldnews,removed_rate,20,60,0.03447113874652126,0.0,0.03447113874652126,0.8385783323461576,0.4379009055501101,1.3150753198749414,0.8,4.33724114709732e-10,0.1692848494298228
learned_bdmtf,AskReddit,size,20,60,3376.3,2841.616666666667,1930.4166666666667,0.43121595873158347,0.2182962613722766,0.7577315099395421,0.26666666666666666,0.21798503902718963,23.294956535696738
learned_bdmtf,AskReddit,max_depth,20,60,9.0,6.116666666666666,3.1166666666666667,1.5029901290977845,1.173457533948003,1.8407610391263105,0.7166666666666667,6.669428738626486e-08,1.9294501231640528
learned_bdmtf,AskReddit,mean_leaf_depth,20,60,1.8958850488476031,2.1840541955954396,0.30379409607708496,0.5807114333388875,0.3555314972430449,1.0231714096739115,0.36666666666666664,0.030215139883456178,0.3590971992055681
learned_bdmtf,AskReddit,mean_depth,20,60,2.1122523743087105,2.1804133561303227,0.2386853957648651,0.4333562502674088,0.33606130112417953,0.733470643854539,0.35,0.04400028299226751,0.28732847356296376
learned_bdmtf,AskReddit,mean_branching_factor,20,60,2.041581280930454,34.31342694506209,32.27184566413163,63.757777563625496,53.36469832441444,73.36078441814601,0.9666666666666667,1.3068138220614972e-16,6.373402081075558
learned_bdmtf,AskReddit,root_reply_share,20,60,0.5549669846256335,0.4818045309253043,0.15463398233161768,0.8172536538656829,0.5508809546134574,1.0986560857000682,0.7166666666666667,6.669428738626486e-08,0.319332005379745
learned_bdmtf,AskReddit,width_gini,20,60,0.6366530616832277,0.48795476174293223,0.1505427150807104,1.4197328843901786,0.9752373226168012,1.8125763045250711,0.7333333333333333,2.640274304169939e-08,0.3727817516508608
learned_bdmtf,AskReddit,time_to_50_minutes,20,60,458.549,436.2457090211256,194.80847312972202,0.729184017690658,0.4575968705452506,1.0265602157685443,0.45,0.003439914290321768,9.970989148813159
learned_bdmtf,AskReddit,time_to_90_minutes,20,60,1220.3234000000002,720.0,625.0384000000003,1.1609997296799304,0.870457605512245,1.4877617658744802,0.75,1.006562704905171e-08,25.704730303973243
learned_bdmtf,AskReddit,duration_minutes,20,60,6632.106999999999,719.2447902647974,5945.734925840403,1.2219420660245184,0.7629474991424394,1.6397652384747823,0.95,1.034136652263384e-15,80.60259166325892
learned_bdmtf,AskReddit,mean_interarrival_minutes,20,60,7.617346077324316,0.751900136772451,6.865445940551868,0.5631561348182809,0.23682632124446001,1.0217387727996887,0.7833333333333333,1.2938776663797082e-09,2.0021582975471124
learned_bdmtf,AskReddit,repeat_author_share,20,60,0.30009328389923273,0.9950641156775508,0.6949708317783181,5.423474628122156,5.032682112425419,5.873900458801783,1.0,5.657202692906917e-19,1.1157310625155161
learned_bdmtf,AskReddit,toxicity_density,20,60,0.018179357228034824,0.024656305156428936,0.008065953444894587,0.6510657265776598,0.3818914589061889,1.0264578142977339,0.4166666666666667,0.008711496799260128,0.06977095942298493
learned_bdmtf,AskReddit,counterspeech_rate,20,60,0.11823014377779155,0.0,0.11823014377779155,2.416766022130155,1.9767110180278156,2.8882272630367316,1.0,5.657202692906917e-19,0.4263896753405583
learned_bdmtf,AskReddit,removed_rate,20,60,0.0063755079425194035,0.0,0.006375507942519404,0.9354031067821272,0.5351509955538775,1.3961209508039978,0.85,1.1906330949418604e-11,0.07718692797248619
learned_bdmtf,aww,size,22,66,167.0909090909091,652.2121212121212,485.1212121212121,2.3115598138002587,1.127296924342207,3.718992042611924,0.4393939393939394,0.002556642004100435,13.114456935620836
learned_bdmtf,aww,max_depth,22,66,4.045454545454546,3.9393939393939394,1.7424242424242424,0.6075478619274709,0.4225099152839086,0.8348500076616397,0.3484848484848485,0.031332141314137946,0.9022469655126915
learned_bdmtf,aww,mean_leaf_depth,22,66,1.3032563970260986,1.450864970604447,0.16919545155906748,0.6439132926113703,0.4096390441918092,1.0776800774983768,0.45454545454545453,0.0015793327747995738,0.3348879268417274
learned_bdmtf,aww,mean_depth,22,66,1.337138589980819,1.4429603928604307,0.17868821456279566,0.5868974206230549,0.36717339032366375,0.8902207047197791,0.3939393939393939,0.009701199783823307,0.3130398211677517
learned_bdmtf,aww,mean_branching_factor,22,66,1.0858595904965664,7.314621306743232,6.228761716246665,8.219441036358726,6.123762645847974,10.743180853043418,0.8484848484848485,9.921588686252713e-13,2.125819653129171
learned_bdmtf,aww,root_reply_share,22,66,0.8029331601674152,0.6929084945960969,0.11868454971517103,0.7971255453341033,0.49304889940428087,1.1802066821918114,0.5151515151515151,0.00018919468796176135,0.2913461648229603
learned_bdmtf,aww,width_gini,22,66,0.4085498671726665,0.5034476447978334,0.17099973741221822,0.5917666467994668,0.36699899427905747,0.8675354448912987,0.3181818181818182,0.06280274249024688,0.295184938292735
learned_bdmtf,aww,time_to_50_minutes,22,66,221.91045454545457,548.7622004383746,326.85174589292006,2.3512851004216246,1.9545308915812218,2.766317646084409,0.8939393939393939,1.5490617868175756e-14,20.769970713244675
learned_bdmtf,aww,time_to_90_minutes,22,66,883.2823636363639,720.0,587.2537272727275,0.8118598606406272,0.5860113021394114,1.1138046882445503,0.5,0.00033140774780650913,19.60767748941536
learned_bdmtf,aww,duration_minutes,22,66,3974.485454545455,712.3723740891228,3574.852643809771,0.8727297006396186,0.5026785127509451,1.300192547956054,0.6363636363636364,9.63432028367439e-07,52.04444660841645
learned_bdmtf,aww,mean_interarrival_minutes,22,66,60.503017907274625,7.3352293457461,53.2090338377049,0.42779657530052523,0.16600370410272794,0.8765221788950702,0.7727272727272727,3.216235163595183e-10,5.587952527939699
learned_bdmtf,aww,repeat_author_share,22,66,0.1407003589946562,0.8940426618400246,0.7533423028453684,5.395234791889635,4.855866419219278,5.946740223020712,0.9545454545454546,1.558946550323073e-17,1.099882597722368
learned_bdmtf,aww,toxicity_density,22,66,0.011467996596103395,0.003831236260557471,0.009071246602801144,0.32126432804604665,0.058117892475222234,0.7957631184450121,0.25757575757575757,0.20653727136981145,0.04084324197749979
learned_bdmtf,aww,counterspeech_rate,22,66,0.10315664160195649,0.0,0.1031566416019565,1.2444522547028554,0.8116065501730019,1.6521192988358373,0.6818181818181818,8.824913721861721e-08,0.33621121947734367
learned_bdmtf,aww,removed_rate,22,66,0.0029089103195524364,0.0,0.0029089103195524355,0.4196289038790114,0.10286436200348172,0.9177970542149387,0.3181818181818182,0.06280274249024688,0.031651150527688715
learned_bdmtf,funny,size,16,48,249.875,617.0625,371.6041666666667,1.3441584459388212,0.5945868344556453,2.868574816789163,0.25,0.4131567221736332,9.135980835867231
learned_bdmtf,funny,max_depth,16,48,6.375,4.333333333333333,2.5,0.7767356373806173,0.4595685854501985,1.2104130349181288,0.4375,0.016206186847859134,1.337233877990101
learned_bdmtf,funny,mean_leaf_depth,16,48,1.7564963438419832,1.653372436421123,0.30617854947739287,0.5248975211639195,0.2661660028593171,0.8911617378244022,0.2916666666666667,0.2376093134200521,0.3278582732952292
learned_bdmtf,funny,mean_depth,16,48,1.8787512256606798,1.6410280659556022,0.3766858469768019,0.5875548652212399,0.29665911651564836,0.9648691984885792,0.375,0.05913991068394585,0.3965842834115863
learned_bdmtf,funny,mean_branching_factor,16,48,1.5123534106056562,8.337590361772934,6.825236951167278,9.859680594002258,5.674440249337445,14.666750530423407,0.7083333333333334,3.035147799349421e-06,1.9085276950897803
learned_bdmtf,funny,root_reply_share,16,48,0.6211917434062305,0.5922985082640538,0.12919355549974923,0.5981346115076555,0.3296818514083129,0.9660680056919971,0.375,0.05913991068394585,0.23068211822753248
learned_bdmtf,funny,width_gini,16,48,0.48741827581833913,0.4536633201407973,0.11078702024336524,0.4971093191571941,0.28898929331678797,0.7795083756672965,0.3958333333333333,0.03937272102837334,0.21839830464742957
learned_bdmtf,funny,time_to_50_minutes,16,48,203.95718750000003,500.9970158580151,297.03982835801503,2.298290106980187,1.7934310320023326,2.7493420390834715,0.9791666666666666,6.959698108614521e-14,19.798494067159176
learned_bdmtf,funny,time_to_90_minutes,16,48,787.1490000000001,716.209501581431,408.4006265814311,0.8855014198791904,0.646360110885949,1.1149487329432846,0.5625,0.0005972634255590081,17.04059803741994
learned_bdmtf,funny,duration_minutes,16,48,2259.055625,693.82785234243,1688.073682395017,0.9164405518829928,0.4822090654903014,1.3588845957252562,0.75,4.7057337180682796e-07,36.9014546280908
learned_bdmtf,funny,mean_interarrival_minutes,16,48,24.877277464079853,8.748260911918104,16.834100037428236,0.6164890984451971,0.2216353581916828,1.1736381152262103,0.375,0.05913991068394585,2.7275729228953183
learned_bdmtf,funny,repeat_author_share,16,48,0.1582222165245757,0.8252208542581118,0.6669986377335362,5.657227661204266,4.927954255137328,6.385392052429926,0.9375,4.151255224785369e-12,0.9951905723160176
learned_bdmtf,funny,toxicity_density,16,48,0.005099710089306728,0.011147074111369759,0.0060835487087036455,0.7851965499152175,0.42977466114136065,1.325917274780371,0.4791666666666667,0.006021315749957966,0.05974006794174182
learned_bdmtf,funny,counterspeech_rate,16,48,0.07880539320654305,0.0,0.07880539320654305,1.36551632312471,0.9126762883277203,1.8780576873877681,0.875,4.49981328182504e-10,0.3060617485024822
learned_bdmtf,funny,removed_rate,16,48,0.004522521644484201,0.0,0.0045225216444842,0.5979292907723913,0.13220902496916653,1.1500789765697417,0.4375,0.016206186847859134,0.046818378817953386
learned_bdmtf,science,size,22,66,235.3181818181818,746.0454545454545,510.7272727272725,1.6255861722840876,0.7303599817175899,2.7561589784616545,0.4393939393939394,0.002556642004100435,11.825211584468466
learned_bdmtf,science,max_depth,22,66,5.681818181818182,6.681818181818182,2.696969696969697,0.6482678589568368,0.5243503651309583,0.8160709016615346,0.42424242424242425,0.004061636397310889,1.293481573964427
learned_bdmtf,science,mean_leaf_depth,22,66,2.101516281145389,2.9450260785749776,0.8435097974295893,0.858499555626708,0.47426719938071715,1.3502614651241245,0.45454545454545453,0.0015793327747995738,0.6747989256144498
learned_bdmtf,science,mean_depth,22,66,2.217930187335511,2.895557535106147,0.7052602183674787,0.640817976059511,0.4670885833538173,1.1519842366385358,0.45454545454545453,0.0015793327747995738,0.6449937453570906
learned_bdmtf,science,mean_branching_factor,22,66,1.240141888627904,13.857890782957664,12.61774889432976,12.830639613862258,9.38190014914498,17.42488756969336,0.8636363636363636,2.659130756410279e-13,3.047597810557898
learned_bdmtf,science,root_reply_share,22,66,0.564142748398043,0.2970143345076551,0.29503659591758047,0.8457070759140137,0.45261782830987785,1.2501932441371002,0.5757575757575758,1.623926386959566e-05,0.47680391975744135
learned_bdmtf,science,width_gini,22,66,0.2573501904458381,0.3692873323425181,0.12637586184135752,0.5770221229162454,0.35212076804199477,0.9463324055516731,0.4393939393939394,0.002556642004100435,0.275430967999651
learned_bdmtf,science,time_to_50_minutes,22,66,266.2704545454546,435.4489109261773,193.47450029924062,0.908943468577126,0.6294363325834692,1.2402961887902249,0.5909090909090909,8.310786068683654e-06,12.666639636557
learned_bdmtf,science,time_to_90_minutes,22,66,924.1779545454548,720.0,662.1174090909093,0.8634730220286435,0.6401666259096042,1.0992318193629411,0.6363636363636364,9.63432028367439e-07,21.940806636670608
learned_bdmtf,science,duration_minutes,22,66,4359.6449999999995,712.9666523490667,4045.170298327681,0.8479682820946063,0.5197434287737017,1.2189846574207521,0.6818181818181818,8.824913721861721e-08,57.46454366270308
learned_bdmtf,science,mean_interarrival_minutes,22,66,116.72251042151244,7.418069050341453,109.42538100452117,0.43474420369054484,0.11360908259248408,0.8277798973845912,0.4696969696969697,0.000957124276277188,5.846913730140935
learned_bdmtf,science,repeat_author_share,22,66,0.22705840726611426,0.8970057215998338,0.6699473143337197,3.454143291856584,2.9768443364526216,3.9660824889780644,0.9242424242424242,6.344180157372736e-16,0.991089692798684
learned_bdmtf,science,toxicity_density,22,66,0.021339250954727728,0.03362263240538801,0.020928555269475617,0.709178619092572,0.5121206375578189,0.9246015297396676,0.5303030303030303,0.00010578512084516554,0.12237428023583088
learned_bdmtf,science,counterspeech_rate,22,66,0.09680475325428219,0.0,0.0968047532542822,0.7654392845003043,0.3846525212613382,1.2677580014357013,0.6818181818181818,8.824913721861721e-08,0.2828769255885426
learned_bdmtf,science,removed_rate,22,66,0.015837769828960176,0.0,0.015837769828960176,0.36898800076649,0.05561605180745952,0.860301945815992,0.4090909090909091,0.006334421476009297,0.06698199209207371
learned_bdmtf,worldnews,size,20,60,734.95,1390.2,655.55,0.8247930070081538,0.4897388030381411,1.5648975773917564,0.3333333333333333,0.06288007952891456,14.23296252444382
learned_bdmtf,worldnews,max_depth,20,60,8.4,7.75,1.4166666666666667,0.6439393939393939,0.38636363636363635,1.0303030303030303,0.35,0.04400028299226751,0.8086339647138803
learned_bdmtf,worldnews,mean_leaf_depth,20,60,2.8962379592207688,3.3660114537567014,0.469773494535933,0.5806312296786016,0.29299728499870675,1.1809271996875026,0.26666666666666666,0.21798503902718963,0.3317528481981419
learned_bdmtf,worldnews,mean_depth,20,60,3.024740701378487,3.3356101403205454,0.3566300734010656,0.4111171125262449,0.2759097390189073,0.8939708484998657,0.16666666666666666,0.7740353797409253,0.25482033524221875
learned_bdmtf,worldnews,mean_branching_factor,20,60,1.8957263799214445,23.433823224793738,21.538096844872292,58.65704149535505,44.794465349408746,72.68321108663994,0.9666666666666667,1.3068138220614972e-16,4.603786641993298
learned_bdmtf,worldnews,root_reply_share,20,60,0.3004660376439242,0.26949114522309653,0.11344682122558089,0.6707107266686843,0.4042803103588947,1.0147516940895203,0.48333333333333334,0.0012493754548492724,0.23471865060423566
learned_bdmtf,worldnews,width_gini,20,60,0.42005526961273076,0.3864091589329515,0.05042157900108247,0.594111182232357,0.3384304827360251,1.0913927619575898,0.23333333333333334,0.36332180236614087,0.11406117456193127
learned_bdmtf,worldnews,time_to_50_minutes,20,60,309.0804999999999,290.0718536509537,95.8022309003597,0.5926071019650735,0.33153466050081304,0.9236244244014191,0.4166666666666667,0.008711496799260128,6.192018496041205
learned_bdmtf,worldnews,time_to_90_minutes,20,60,1047.96315,720.0,393.37165000000005,1.304471694279793,0.9998591003116193,1.569485997712667,0.9,1.7822281647653146e-13,21.560751726226993
learned_bdmtf,worldnews,duration_minutes,20,60,9125.837500000001,718.8004286555753,8455.063612787199,0.7979022637585284,0.39632553813952826,1.2454323517055563,0.95,1.034136652263384e-15,86.77576140069881
learned_bdmtf,worldnews,mean_interarrival_minutes,20,60,30.70006666069208,2.612149622146653,28.087917038545427,0.9115575904936078,0.5167553539396937,1.3890228240491758,0.8,4.33724114709732e-10,4.834269398906231
learned_bdmtf,worldnews,repeat_author_share,20,60,0.3686268437032795,0.9720919982185444,0.603465154515265,3.908614131588075,3.436202666812696,4.34606466443257,0.9833333333333333,1.1880125655104516e-17,0.9921191043829863
learned_bdmtf,worldnews,toxicity_density,20,60,0.02928357360782089,0.037251287908024434,0.011881726293933751,0.5587379387742436,0.40142685549919954,0.8802440471635284,0.5166666666666667,0.0004158473226978137,0.08622103016712739
learned_bdmtf,worldnews,counterspeech_rate,20,60,0.0812160532999879,0.0,0.0812160532999879,2.1268077071292937,1.7388031063631966,2.565817335159938,0.95,1.034136652263384e-15,0.34731641450398226
learned_bdmtf,worldnews,removed_rate,20,60,0.03447113874652126,0.0,0.03447113874652126,0.8385783323461576,0.4676591262194179,1.3194594837648763,0.8,4.33724114709732e-10,0.1692848494298228
legacy_heuristic,AskReddit,size,20,60,3376.3,3086.766666666667,2175.5666666666666,0.4859775001689489,0.2737440439630477,0.76641130174776,0.3,0.12144560515733786,26.451023924730528
legacy_heuristic,AskReddit,max_depth,20,60,9.0,6.4,2.8666666666666667,1.3824294235551815,1.0287846872968796,1.6717751168574286,0.7333333333333333,2.640274304169939e-08,1.815366507225347
legacy_heuristic,AskReddit,mean_leaf_depth,20,60,1.8958850488476031,2.2260647720324527,0.3591406642784996,0.6865080415207552,0.41965539466948376,1.0918916008276267,0.4166666666666667,0.008711496799260128,0.42429819985255
legacy_heuristic,AskReddit,mean_depth,20,60,2.1122523743087105,2.2201383133126753,0.250933004112658,0.455592959016745,0.33811904233837725,0.7375039668510817,0.35,0.04400028299226751,0.3012728058189825
legacy_heuristic,AskReddit,mean_branching_factor,20,60,2.041581280930454,40.25699810602673,38.21541682509627,75.50017655617965,64.95728997431264,85.98822200813304,1.0,5.657202692906917e-19,7.105559084648212
legacy_heuristic,AskReddit,root_reply_share,20,60,0.5549669846256335,0.43546821500354926,0.18366981159143436,0.9707104632797761,0.7388173685644295,1.2481263180350408,0.8,4.33724114709732e-10,0.39878446730968387
legacy_heuristic,AskReddit,width_gini,20,60,0.6366530616832277,0.48737393902415804,0.1492791226590695,1.4078162419109461,0.9979385092543024,1.8318750490315636,0.7,1.6256942583538456e-07,0.3707579913446534
legacy_heuristic,AskReddit,time_to_50_minutes,20,60,458.549,433.57888856429213,200.5818429050517,0.7507942120562049,0.47934875781567643,1.0559105536784887,0.4666666666666667,0.002095340312722695,10.345987421520325
legacy_heuristic,AskReddit,time_to_90_minutes,20,60,1220.3234000000002,720.0,625.0384000000003,1.1609997296799304,0.8006634235162357,1.5358994786466276,0.75,1.006562704905171e-08,25.704730303973243
legacy_heuristic,AskReddit,duration_minutes,20,60,6632.106999999999,719.5369140548183,5946.006495463753,1.2219978778544711,0.782188402904209,1.6451082615592172,0.95,1.034136652263384e-15,80.60314083931915
legacy_heuristic,AskReddit,mean_interarrival_minutes,20,60,7.617346077324316,0.516645074333841,7.100701002990477,0.5824535457667547,0.23807047749444923,0.9801800073048054,0.7833333333333333,1.2938776663797082e-09,2.104289237963274
legacy_heuristic,AskReddit,repeat_author_share,20,60,0.30009328389923273,0.9993348409086887,0.699241557009456,5.456802890080271,5.021789143831984,5.850338306653311,1.0,5.657202692906917e-19,1.1231432108837858
legacy_heuristic,AskReddit,toxicity_density,20,60,0.018179357228034824,0.023325478765752004,0.008256640607066913,0.6664575679311875,0.4005694885067284,1.0100293026305809,0.43333333333333335,0.005530630969702411,0.06725413604956669
legacy_heuristic,AskReddit,counterspeech_rate,20,60,0.11823014377779155,0.0,0.11823014377779155,2.416766022130155,1.954282978069187,2.8700865400047513,1.0,5.657202692906917e-19,0.4263896753405583
legacy_heuristic,AskReddit,removed_rate,20,60,0.0063755079425194035,0.0,0.006375507942519404,0.9354031067821272,0.5681796953808982,1.4362463300266566,0.85,1.1906330949418604e-11,0.07718692797248619
legacy_heuristic,aww,size,22,66,167.0909090909091,561.7424242424242,394.651515151515,1.8804796823678966,0.8529408803854205,3.2422680263872614,0.42424242424242425,0.004061636397310889,9.809222436653881
legacy_heuristic,aww,max_depth,22,66,4.045454545454546,3.9696969696969697,1.7121212121212122,0.5969818121548192,0.40639668938061474,0.8244160335111461,0.36363636363636365,0.02156997572934154,0.896119580764924
legacy_heuristic,aww,mean_leaf_depth,22,66,1.3032563970260986,1.473388360515078,0.1876235709766933,0.7140458578871952,0.41969138643048387,1.1456192177177147,0.4696969696969697,0.000957124276277188,0.35113196717362166
legacy_heuristic,aww,mean_depth,22,66,1.337138589980819,1.464588275467845,0.18548288969767385,0.6092143782376838,0.3932986400368329,0.8968429194539119,0.3939393939393939,0.009701199783823307,0.3210891774816689
legacy_heuristic,aww,mean_branching_factor,22,66,1.0858595904965664,6.544492134176489,5.458632543679922,7.2031826510393335,4.850553712289407,9.671751031174313,0.696969696969697,3.757302077032373e-08,1.9035516729126283
legacy_heuristic,aww,root_reply_share,22,66,0.8029331601674152,0.6718820298260691,0.1370846868088244,0.9207070843819433,0.5660538000763894,1.3204606385132742,0.5151515151515151,0.00018919468796176135,0.32277991865357714
legacy_heuristic,aww,width_gini,22,66,0.4085498671726665,0.4945477217419527,0.17406583311115537,0.6023772664295567,0.36618842331647083,0.8757401873523425,0.36363636363636365,0.02156997572934154,0.30227947834384367
legacy_heuristic,aww,time_to_50_minutes,22,66,221.91045454545457,574.999755468315,353.08930092286045,2.5400311389194647,2.0719397308233716,2.9503098863315373,0.9242424242424242,6.344180157372736e-16,21.52410291065668
legacy_heuristic,aww,time_to_90_minutes,22,66,883.2823636363639,720.0,587.2537272727275,0.8118598606406272,0.5811695843418851,1.0771217469719072,0.5,0.00033140774780650913,19.60767748941536
legacy_heuristic,aww,duration_minutes,22,66,3974.485454545455,713.4327666839498,3576.3710938813347,0.8731004002483665,0.5164749485033454,1.2438566742529653,0.6363636363636364,9.63432028367439e-07,52.064630350354186
legacy_heuristic,aww,mean_interarrival_minutes,22,66,60.503017907274625,8.41415181110557,52.13811308591131,0.4191864541050729,0.14710996958990244,0.9031858079040347,0.6515151515151515,4.463732228423973e-07,5.177849388269583
legacy_heuristic,aww,repeat_author_share,22,66,0.1407003589946562,0.859470788250916,0.7187704292562599,5.147640339136522,4.6144797022638135,5.6928964913554765,0.9242424242424242,6.344180157372736e-16,1.0439563101276703
legacy_heuristic,aww,toxicity_density,22,66,0.011467996596103395,0.004303057869967115,0.008516411682516996,0.3016144744320432,0.06363161410733645,0.7605895503496959,0.24242424242424243,0.26681425003201975,0.037690649206250613
legacy_heuristic,aww,counterspeech_rate,22,66,0.10315664160195649,0.0,0.1031566416019565,1.2444522547028554,0.8715648719026329,1.7107667154722552,0.6818181818181818,8.824913721861721e-08,0.33621121947734367
legacy_heuristic,aww,removed_rate,22,66,0.0029089103195524364,0.0,0.0029089103195524355,0.4196289038790114,0.09994776856953554,0.8820091314479698,0.3181818181818182,0.06280274249024688,0.031651150527688715
legacy_heuristic,funny,size,16,48,249.875,652.3125,402.4375,1.4556881033918374,0.6314255324596361,2.658454449305212,0.22916666666666666,0.5242021876489524,10.224434580943827
legacy_heuristic,funny,max_depth,16,48,6.375,4.958333333333333,2.0,0.6213885099044939,0.33658544286493425,1.0172000451196992,0.3958333333333333,0.03937272102837334,1.059841445164742
legacy_heuristic,funny,mean_leaf_depth,16,48,1.7564963438419832,1.809013693292249,0.2918963628090381,0.5004128392950699,0.26891828699439246,0.8282363847703864,0.375,0.05913991068394585,0.33414409476990936
legacy_heuristic,funny,mean_depth,16,48,1.8787512256606798,1.7951334400494063,0.3063146677133063,0.47778984729061075,0.22764636289515336,0.8574854806476019,0.25,0.4131567221736332,0.3044543359698446
legacy_heuristic,funny,mean_branching_factor,16,48,1.5123534106056562,9.375060832185552,7.862707421579895,11.358401816014668,7.164770169783172,16.206881681739617,0.6666666666666666,1.6478144022360576e-05,2.2503590281997825
legacy_heuristic,funny,root_reply_share,16,48,0.6211917434062305,0.5576488365099552,0.14828361375557292,0.6865169192345124,0.43180263211595593,1.0235245415317231,0.5208333333333334,0.0020081005302686012,0.2838529614049082
legacy_heuristic,funny,width_gini,16,48,0.48741827581833913,0.45971447935719034,0.10533451479977404,0.4726435355048276,0.31013174201212745,0.7804737890059102,0.375,0.05913991068394585,0.19821977546547506
legacy_heuristic,funny,time_to_50_minutes,16,48,203.95718750000003,509.46300500960456,305.5058175096046,2.363794114373594,1.8823837088385422,2.8595229832457956,0.9583333333333334,6.263728297753071e-13,19.834583043025837
legacy_heuristic,funny,time_to_90_minutes,16,48,787.1490000000001,718.1908855890812,410.38201058908135,0.8897974915252763,0.638060142776613,1.1057042261701469,0.5625,0.0005972634255590081,17.12517152665661
legacy_heuristic,funny,duration_minutes,16,48,2259.055625,690.4526217114322,1682.946658649441,0.9136571351874333,0.46540463068523125,1.46192481559889,0.75,4.7057337180682796e-07,36.86351871250205
legacy_heuristic,funny,mean_interarrival_minutes,16,48,24.877277464079853,10.96409244649523,16.486148854106446,0.6037466227065439,0.21215773181465086,1.0951478083808135,0.5,0.003525629550927772,2.6049959197992516
legacy_heuristic,funny,repeat_author_share,16,48,0.1582222165245757,0.8132701568204181,0.6550479402958426,5.5558664105352475,4.668577003689984,6.394987665112914,0.8958333333333334,1.0724894785374977e-10,0.9734415892819414
legacy_heuristic,funny,toxicity_density,16,48,0.005099710089306728,0.012952621547883542,0.00786835614189903,1.0155595676063645,0.5305815025891777,1.7227528834810628,0.5,0.003525629550927772,0.06190654185639784
legacy_heuristic,funny,counterspeech_rate,16,48,0.07880539320654305,0.0,0.07880539320654305,1.36551632312471,0.90119761977828,1.8828766167025992,0.875,4.49981328182504e-10,0.3060617485024822
legacy_heuristic,funny,removed_rate,16,48,0.004522521644484201,0.0,0.0045225216444842,0.5979292907723913,0.1537723008673059,1.1772017354781954,0.4375,0.016206186847859134,0.046818378817953386
legacy_heuristic,science,size,22,66,235.3181818181818,1207.1818181818182,971.8636363636364,3.0933301841942056,1.8738765202032452,4.393021485346856,0.42424242424242425,0.004061636397310889,20.61861248726277
legacy_heuristic,science,max_depth,22,66,5.681818181818182,6.818181818181818,2.6515151515151514,0.6373419961654294,0.5244414139875535,0.834098575267357,0.42424242424242425,0.004061636397310889,1.3098833179727871
legacy_heuristic,science,mean_leaf_depth,22,66,2.101516281145389,3.0797781521179135,0.9782618709725242,0.99564626762568,0.5943972646853868,1.4835570093380102,0.45454545454545453,0.0015793327747995738,0.7687775664687843
legacy_heuristic,science,mean_depth,22,66,2.217930187335511,3.0410845143837464,0.8256621809639559,0.7502183647036712,0.44426451189756966,1.209867276028437,0.45454545454545453,0.0015793327747995738,0.6978802341448395
legacy_heuristic,science,mean_branching_factor,22,66,1.240141888627904,21.550244579417104,20.3101026907892,20.65278127885051,15.078740455675442,27.01545080073243,0.8939393939393939,1.5490617868175756e-14,3.9075215726303774
legacy_heuristic,science,root_reply_share,22,66,0.564142748398043,0.27639968501569634,0.31670745862585986,0.9078254781296926,0.5094361704756382,1.2576295052266986,0.6515151515151515,4.463732228423973e-07,0.5070786518117222
legacy_heuristic,science,width_gini,22,66,0.2573501904458381,0.3644798412637434,0.1235004521920756,0.5638932314024111,0.33836766190605877,0.9229359713651574,0.4393939393939394,0.002556642004100435,0.27828437265393846
legacy_heuristic,science,time_to_50_minutes,22,66,266.2704545454546,432.24933649231525,201.97785584681444,0.9488922446380642,0.6597331290915838,1.2549030045329457,0.6515151515151515,4.463732228423973e-07,13.042783880934609
legacy_heuristic,science,time_to_90_minutes,22,66,924.1779545454548,719.1410604247776,661.258469515687,0.8623528715227453,0.6491710938827141,1.1034678530935147,0.6363636363636364,9.63432028367439e-07,21.912918386884122
legacy_heuristic,science,duration_minutes,22,66,4359.6449999999995,712.5252116630023,4044.3194762983517,0.8477899286406424,0.5060313204300654,1.3030614388801673,0.6818181818181818,8.824913721861721e-08,57.453004947622404
legacy_heuristic,science,mean_interarrival_minutes,22,66,116.72251042151244,7.812449546751784,108.97279009858447,0.4329460717471806,0.09869049522868277,0.9016874092142209,0.48484848484848486,0.0005688377944824733,5.874570067762741
legacy_heuristic,science,repeat_author_share,22,66,0.22705840726611426,0.9109161369359533,0.6838577296698389,3.5258632119042983,3.107712806147461,3.9623898282993464,0.9696969696969697,1.8208601264882286e-18,1.0186141763868444
legacy_heuristic,science,toxicity_density,22,66,0.021339250954727728,0.03837009245221129,0.024225410506720724,0.8208948467247615,0.638803325370249,1.0599533057543973,0.6515151515151515,4.463732228423973e-07,0.14826163127650077
legacy_heuristic,science,counterspeech_rate,22,66,0.09680475325428219,0.0,0.0968047532542822,0.7654392845003043,0.40606044296926247,1.1946572305920886,0.6818181818181818,8.824913721861721e-08,0.2828769255885426
legacy_heuristic,science,removed_rate,22,66,0.015837769828960176,0.0,0.015837769828960176,0.36898800076649,0.0519728126171157,0.8977879031807111,0.4090909090909091,0.006334421476009297,0.06698199209207371
legacy_heuristic,worldnews,size,20,60,734.95,1992.2333333333333,1257.2833333333333,1.581875526140241,0.9002024436682707,2.343544597288646,0.36666666666666664,0.030215139883456178,26.008342678626963
legacy_heuristic,worldnews,max_depth,20,60,8.4,8.066666666666666,1.0,0.45454545454545453,0.2954545454545454,0.795833333333333,0.35,0.04400028299226751,0.6064468466220084
legacy_heuristic,worldnews,mean_leaf_depth,20,60,2.8962379592207688,3.5752026240212156,0.6789646648004473,0.8391875932056204,0.4299246436503434,1.399879717025387,0.35,0.04400028299226751,0.511473533918633
legacy_heuristic,worldnews,mean_depth,20,60,3.024740701378487,3.5530008994278792,0.5282601980493922,0.6089694153200919,0.2916739893900759,1.1396992096431369,0.25,0.284103156037662,0.39953009818908514
legacy_heuristic,worldnews,mean_branching_factor,20,60,1.8957263799214445,33.919566090042,32.023839710120555,87.21400540848381,70.95373718205778,105.96957116483453,1.0,5.657202692906917e-19,5.9665342662105285
legacy_heuristic,worldnews,root_reply_share,20,60,0.3004660376439242,0.2298874966962261,0.11653923035299274,0.6889934070522893,0.3522612651302289,1.0635950022792005,0.4166666666666667,0.008711496799260128,0.24388126584506975
legacy_heuristic,worldnews,width_gini,20,60,0.42005526961273076,0.38655323596888974,0.039962357614777386,0.47087147998276546,0.3012510766781974,0.9675744451006631,0.21666666666666667,0.4551394869051178,0.09442020733223014
legacy_heuristic,worldnews,time_to_50_minutes,20,60,309.0804999999999,297.57690043126655,103.90705293876206,0.6427413739437258,0.3821693854406992,1.033208197595144,0.5166666666666667,0.0004158473226978137,7.004766008013625
legacy_heuristic,worldnews,time_to_90_minutes,20,60,1047.96315,720.0,393.37165000000005,1.304471694279793,1.000828090200512,1.6624824441158976,0.9,1.7822281647653146e-13,21.560751726226993
legacy_heuristic,worldnews,duration_minutes,20,60,9125.837500000001,719.0490251428665,8454.539480542715,0.7978528015281379,0.4251319481301104,1.3033705591599822,0.95,1.034136652263384e-15,86.77399142057664
legacy_heuristic,worldnews,mean_interarrival_minutes,20,60,30.70006666069208,1.3710263300393,29.32904033065278,0.9518366669415446,0.5660073028010202,1.4236622003069397,0.8833333333333333,7.849679882556454e-13,5.125936397287792
legacy_heuristic,worldnews,repeat_author_share,20,60,0.3686268437032795,0.986436315968755,0.6178094722654756,4.00152157230269,3.5571933015713024,4.465196749357528,1.0,5.657202692906917e-19,1.018835472986238
legacy_heuristic,worldnews,toxicity_density,20,60,0.02928357360782089,0.03488812278867556,0.013886136954886184,0.65299530958487,0.4442175198133858,0.9284215534700899,0.5333333333333333,0.00023188629833272768,0.08858455507588994
legacy_heuristic,worldnews,counterspeech_rate,20,60,0.0812160532999879,0.0,0.0812160532999879,2.1268077071292937,1.7288459185599636,2.57569990480798,0.95,1.034136652263384e-15,0.34731641450398226
legacy_heuristic,worldnews,removed_rate,20,60,0.03447113874652126,0.0,0.03447113874652126,0.8385783323461576,0.4630114849291505,1.2969526322805265,0.8,4.33724114709732e-10,0.1692848494298228
